date,open,high,low,close
2021-04-12,0.79760,0.79794,0.79690,0.79740
2021-04-09,0.79574,0.79816,0.79250,0.79770
2021-04-08,0.79230,0.79617,0.79150,0.79560
2021-04-07,0.79520,0.79562,0.79100,0.79240
2021-04-06,0.79821,0.79871,0.79430,0.79525
2021-04-05,0.79419,0.79963,0.79360,0.79781
2021-04-02,0.79703,0.79800,0.79426,0.79470
2021-04-01,0.79582,0.79706,0.79300,0.79660
2021-03-31,0.79165,0.79726,0.79120,0.79583
2021-03-30,0.79391,0.79467,0.79020,0.79155
2021-03-29,0.79499,0.79503,0.79150,0.79399
2021-03-26,0.79270,0.79588,0.79250,0.79500
2021-03-25,0.79450,0.79671,0.79140,0.79297
2021-03-24,0.79440,0.79703,0.79260,0.79454
2021-03-23,0.79829,0.79860,0.79350,0.79430
2021-03-22,0.79810,0.80153,0.79690,0.79800
2021-03-19,0.80025,0.80222,0.79650,0.79940
2021-03-18,0.80572,0.80853,0.79790,0.80016
2021-03-17,0.80310,0.80622,0.80000,0.80550
2021-03-16,0.80119,0.80392,0.79950,0.80347
2021-03-15,0.80120,0.80362,0.79870,0.80103
2021-03-12,0.79740,0.80224,0.79490,0.80090
2021-03-11,0.79200,0.79850,0.79160,0.79740
2021-03-10,0.79070,0.79286,0.78790,0.79190
2021-03-09,0.78920,0.79405,0.78790,0.79050
2021-03-08,0.78971,0.79193,0.78690,0.78900
2021-03-05,0.78940,0.79055,0.78480,0.78988
2021-03-04,0.78970,0.79494,0.78740,0.78928
2021-03-03,0.79090,0.79387,0.78960,0.78995
2021-03-02,0.79030,0.79344,0.78700,0.79116
2021-03-01,0.78500,0.79088,0.78460,0.79058
2021-02-26,0.79280,0.79428,0.78410,0.78430
2021-02-25,0.79870,0.80184,0.79230,0.79290
2021-02-24,0.79390,0.79947,0.79340,0.79860
2021-02-23,0.79220,0.79479,0.79040,0.79413
2021-02-22,0.79269,0.79465,0.78980,0.79210
2021-02-19,0.78830,0.79383,0.78600,0.79210
2021-02-18,0.78630,0.78935,0.78520,0.78810
2021-02-17,0.78760,0.78801,0.78410,0.78690
2021-02-16,0.79070,0.79286,0.78680,0.78740
2021-02-15,0.78812,0.79145,0.78740,0.79080
2021-02-12,0.78670,0.78865,0.78300,0.78720
2021-02-11,0.78690,0.78967,0.78620,0.78660
2021-02-10,0.78730,0.78924,0.78619,0.78690
2021-02-09,0.78440,0.78770,0.78290,0.78740
2021-02-08,0.78346,0.78503,0.78180,0.78440
2021-02-05,0.77900,0.78352,0.77870,0.78330
2021-02-04,0.78160,0.78245,0.77810,0.77940
2021-02-03,0.78190,0.78329,0.78010,0.78170
2021-02-02,0.77770,0.78221,0.77660,0.78190
2021-02-01,0.78168,0.78343,0.77690,0.77740
2021-01-29,0.77890,0.78483,0.77620,0.78220
2021-01-28,0.78080,0.78178,0.77590,0.77890
2021-01-27,0.78740,0.78804,0.77950,0.78040
2021-01-26,0.78460,0.78782,0.78190,0.78710
2021-01-25,0.78611,0.78800,0.78210,0.78420
2021-01-22,0.79080,0.79123,0.78450,0.78480
2021-01-21,0.79070,0.79393,0.79010,0.79070
2021-01-20,0.78460,0.79303,0.78430,0.79100
2021-01-19,0.78350,0.78626,0.78310,0.78470
2021-01-18,0.78457,0.78557,0.78070,0.78370
2021-01-15,0.79060,0.79118,0.78300,0.78460
2021-01-14,0.78700,0.79188,0.78640,0.79030
2021-01-13,0.78630,0.78843,0.78400,0.78700
2021-01-12,0.78170,0.78670,0.78130,0.78610
2021-01-11,0.78661,0.78727,0.77860,0.78170
2021-01-08,0.78730,0.78973,0.78430,0.78440
2021-01-07,0.78840,0.78946,0.78490,0.78740
2021-01-06,0.78870,0.79157,0.78550,0.78820
2021-01-05,0.78220,0.78993,0.78130,0.78870
2021-01-04,0.78511,0.78937,0.78100,0.78230
2021-01-01,0.78522,0.78540,0.78460,0.78510
2020-12-31,0.78350,0.78634,0.78270,0.78470
2020-12-30,0.77950,0.78414,0.77910,0.78370
2020-12-29,0.77750,0.78218,0.77707,0.77950
2020-12-28,0.77368,0.78019,0.77368,0.77780
2020-12-25,0.77680,0.77765,0.77620,0.77650
2020-12-24,0.77770,0.78026,0.77590,0.77630
2020-12-23,0.77420,0.77896,0.77390,0.77790
2020-12-22,0.77740,0.77842,0.77270,0.77420
2020-12-21,0.78110,0.78156,0.77160,0.77720
2020-12-18,0.78570,0.78590,0.78080,0.78160
2020-12-17,0.78430,0.78787,0.78380,0.78550
2020-12-16,0.78680,0.78742,0.78140,0.78430
2020-12-15,0.78310,0.78795,0.78240,0.78690
2020-12-14,0.78168,0.78599,0.78140,0.78300
2020-12-11,0.78430,0.78598,0.78130,0.78230
2020-12-10,0.77970,0.78678,0.77890,0.78440
2020-12-09,0.77960,0.78229,0.77920,0.78170
2020-12-08,0.78080,0.78303,0.77910,0.77960
2020-12-07,0.78219,0.78244,0.77880,0.78080
2020-12-04,0.77680,0.78275,0.77630,0.78170
2020-12-03,0.77360,0.77789,0.77220,0.77700
2020-12-02,0.77250,0.77438,0.77120,0.77360
2020-12-01,0.76860,0.77329,0.76830,0.77260
2020-11-30,0.76714,0.77357,0.76714,0.76820
2020-11-27,0.76760,0.77071,0.76720,0.76940
2020-11-26,0.76830,0.76959,0.76740,0.76770
2020-11-25,0.76900,0.76985,0.76700,0.76830
2020-11-24,0.76380,0.76932,0.76350,0.76880
2020-11-23,0.76254,0.76634,0.76220,0.76370
2020-11-20,0.76460,0.76673,0.76300,0.76320
2020-11-19,0.76390,0.76595,0.76150,0.76450
2020-11-18,0.76260,0.76703,0.76180,0.76380
2020-11-17,0.76440,0.76528,0.76190,0.76250
2020-11-16,0.76040,0.76519,0.76030,0.76440
2020-11-13,0.76030,0.76219,0.75870,0.76100
2020-11-12,0.76490,0.76571,0.76000,0.76040
2020-11-11,0.76720,0.76853,0.76620,0.76680
2020-11-10,0.76820,0.76986,0.76570,0.76680
2020-11-09,0.76454,0.77318,0.76454,0.76830
2020-11-06,0.76600,0.76786,0.76310,0.76530
2020-11-05,0.76070,0.76737,0.75840,0.76600
2020-11-04,0.75960,0.76336,0.75150,0.75450
2020-11-03,0.75620,0.76293,0.75510,0.76010
2020-11-02,0.74850,0.75650,0.74740,0.75610
2020-10-30,0.75036,0.75277,0.74870,0.74990
2020-10-29,0.75042,0.75294,0.74640,0.75010
2020-10-28,0.75810,0.75854,0.74960,0.75030
2020-10-27,0.75686,0.76072,0.75640,0.75811
2020-10-26,0.76108,0.76171,0.75560,0.75650
2020-10-23,0.76121,0.76263,0.75930,0.76090
2020-10-22,0.76073,0.76178,0.75830,0.76080
2020-10-21,0.76157,0.76428,0.75980,0.76064
2020-10-20,0.75807,0.76290,0.75690,0.76144
2020-10-19,0.75805,0.76021,0.75740,0.75750
2020-10-16,0.75625,0.75868,0.75490,0.75730
2020-10-15,0.76048,0.76060,0.75370,0.75600
2020-10-14,0.76095,0.76222,0.75930,0.76020
2020-10-13,0.76246,0.76318,0.76020,0.76082
2020-10-12,0.76153,0.76310,0.76030,0.76236
2020-10-09,0.75760,0.76258,0.75710,0.76170
2020-10-08,0.75398,0.75768,0.75330,0.75710
2020-10-07,0.75085,0.75424,0.74910,0.75340
2020-10-06,0.75402,0.75494,0.75040,0.75081
2020-10-05,0.75159,0.75419,0.75120,0.75350
2020-10-02,0.75260,0.75275,0.74970,0.75110
2020-10-01,0.75066,0.75340,0.75020,0.75230
2020-09-30,0.74670,0.75159,0.74460,0.75040
2020-09-29,0.74762,0.74875,0.74480,0.74635
2020-09-28,0.74692,0.74858,0.74560,0.74740
2020-09-25,0.74840,0.74951,0.74470,0.74650
2020-09-24,0.74680,0.75024,0.74490,0.74837
2020-09-23,0.75155,0.75201,0.74650,0.74706
2020-09-22,0.75107,0.75252,0.74880,0.75151
2020-09-21,0.75750,0.75905,0.75020,0.75109
2020-09-18,0.75956,0.76098,0.75660,0.75670
2020-09-17,0.75865,0.76021,0.75430,0.75920
2020-09-16,0.75833,0.76157,0.75700,0.75875
2020-09-15,0.75869,0.76115,0.75700,0.75826
2020-09-14,0.75799,0.76009,0.75730,0.75830
2020-09-11,0.75800,0.76022,0.75670,0.75800
2020-09-10,0.76047,0.76204,0.75710,0.75768
2020-09-09,0.75493,0.76075,0.75370,0.76052
2020-09-08,0.76363,0.76394,0.75390,0.75489
2020-09-07,0.76467,0.76510,0.76190,0.76330
2020-09-04,0.76133,0.76642,0.76040,0.76520
2020-09-03,0.76634,0.76656,0.75940,0.76090
2020-09-02,0.76542,0.76684,0.76310,0.76600
2020-09-01,0.76642,0.76939,0.76370,0.76510
2020-08-31,0.76382,0.76781,0.76250,0.76620
2020-08-28,0.76158,0.76624,0.76090,0.76320
2020-08-27,0.76076,0.76298,0.75900,0.76156
2020-08-26,0.75905,0.76130,0.75680,0.76030
2020-08-25,0.75635,0.75925,0.75480,0.75870
2020-08-24,0.75894,0.76114,0.75490,0.75630
2020-08-21,0.75858,0.75975,0.75510,0.75760
2020-08-20,0.75686,0.75916,0.75450,0.75820
2020-08-19,0.75967,0.76112,0.75550,0.75660
2020-08-18,0.75588,0.76015,0.75530,0.75920
2020-08-17,0.75409,0.75785,0.75350,0.75589
2020-08-14,0.75611,0.75703,0.75300,0.75320
2020-08-13,0.75472,0.75785,0.75410,0.75609
2020-08-12,0.75140,0.75567,0.74880,0.75440
2020-08-11,0.74833,0.75334,0.74800,0.75168
2020-08-10,0.74679,0.74972,0.74610,0.74840
2020-08-07,0.75135,0.75137,0.74580,0.74660
2020-08-06,0.75377,0.75488,0.75010,0.75090
2020-08-05,0.75087,0.75547,0.75050,0.75373
2020-08-04,0.74637,0.75102,0.74470,0.75094
2020-08-03,0.74616,0.74719,0.74290,0.74600
2020-07-31,0.74503,0.74759,0.74370,0.74490
2020-07-30,0.74963,0.74976,0.74250,0.74470
2020-07-29,0.74706,0.74980,0.74650,0.74920
2020-07-28,0.74921,0.74992,0.74540,0.74708
2020-07-27,0.74474,0.74931,0.74400,0.74925
2020-07-24,0.74612,0.74734,0.74330,0.74520
2020-07-23,0.74526,0.74879,0.74430,0.74617
2020-07-22,0.74300,0.74608,0.74130,0.74527
2020-07-21,0.73891,0.74466,0.73850,0.74310
2020-07-20,0.73632,0.73913,0.73480,0.73888
2020-07-17,0.73623,0.73698,0.73540,0.73570
2020-07-16,0.74005,0.74046,0.73580,0.73590
2020-07-15,0.73480,0.74029,0.73430,0.73980
2020-07-14,0.73463,0.73536,0.73230,0.73508
2020-07-13,0.73590,0.73851,0.73410,0.73465
2020-07-10,0.73570,0.73644,0.73310,0.73490
2020-07-09,0.73910,0.74103,0.73500,0.73595
2020-07-08,0.73440,0.74090,0.73350,0.73949
2020-07-07,0.73810,0.73919,0.73430,0.73440
2020-07-06,0.73740,0.73948,0.73700,0.73838
2020-07-03,0.73680,0.73812,0.73590,0.73750
2020-07-02,0.73596,0.73727,0.73350,0.73680
2020-07-01,0.73620,0.73805,0.73470,0.73560
2020-06-30,0.73180,0.73674,0.72950,0.73620
2020-06-29,0.73084,0.73254,0.72920,0.73218
2020-06-26,0.73323,0.73359,0.72860,0.73000
2020-06-25,0.73281,0.73469,0.73100,0.73290
2020-06-24,0.73773,0.73901,0.73230,0.73240
2020-06-23,0.73968,0.74127,0.73650,0.73776
2020-06-22,0.73432,0.73990,0.73340,0.73950
2020-06-19,0.73510,0.73794,0.73390,0.73460
2020-06-18,0.73707,0.73930,0.73400,0.73527
2020-06-17,0.73750,0.73988,0.73510,0.73701
2020-06-16,0.73810,0.74018,0.73360,0.73786
2020-06-15,0.73340,0.73863,0.73020,0.73856
2020-06-12,0.73320,0.73905,0.73130,0.73560
2020-06-11,0.74536,0.74598,0.73210,0.73339
2020-06-10,0.74470,0.75066,0.74370,0.74541
2020-06-09,0.74670,0.74833,0.74100,0.74506
2020-06-08,0.74520,0.74847,0.74380,0.74712
2020-06-05,0.74010,0.74651,0.73960,0.74430
2020-06-04,0.74039,0.74219,0.73810,0.73940
2020-06-03,0.73906,0.74163,0.73640,0.74010
2020-06-02,0.73610,0.74139,0.73560,0.73880
2020-06-01,0.72510,0.73730,0.72480,0.73610
2020-05-29,0.72550,0.72897,0.72260,0.72600
2020-05-28,0.72620,0.72792,0.72470,0.72563
2020-05-27,0.72564,0.72823,0.72300,0.72660
2020-05-26,0.71480,0.72670,0.71470,0.72510
2020-05-25,0.71472,0.71568,0.71330,0.71480
2020-05-22,0.71640,0.71711,0.71140,0.71400
2020-05-21,0.71911,0.71955,0.71530,0.71672
2020-05-20,0.71690,0.72088,0.71630,0.71880
2020-05-19,0.71680,0.72097,0.71540,0.71723
2020-05-18,0.70900,0.71726,0.70890,0.71725
2020-05-15,0.71140,0.71316,0.70790,0.70810
2020-05-14,0.70890,0.71242,0.70680,0.71170
2020-05-13,0.71040,0.71366,0.70800,0.70917
2020-05-12,0.71332,0.71551,0.70970,0.71071
2020-05-11,0.71711,0.71924,0.71160,0.71310
2020-05-08,0.71580,0.71870,0.71470,0.71750
2020-05-07,0.70549,0.71639,0.70510,0.71598
2020-05-06,0.70660,0.70826,0.70510,0.70545
2020-05-05,0.70950,0.71363,0.70900,0.71286
2020-05-04,0.70750,0.71110,0.70620,0.70984
2020-05-01,0.71620,0.71662,0.70830,0.70940
2020-04-30,0.72037,0.72174,0.71540,0.71644
2020-04-29,0.71380,0.72044,0.71380,0.72036
2020-04-28,0.71277,0.71732,0.71010,0.71413
2020-04-27,0.70825,0.71327,0.70790,0.71280
2020-04-24,0.71047,0.71277,0.70790,0.70890
2020-04-23,0.70587,0.71395,0.70390,0.71051
2020-04-22,0.70370,0.70826,0.70190,0.70582
2020-04-21,0.70800,0.70833,0.70060,0.70408
2020-04-20,0.71188,0.71231,0.70620,0.70760
2020-04-17,0.71180,0.71392,0.70790,0.71380
2020-04-16,0.70810,0.71312,0.70460,0.71205
2020-04-15,0.71990,0.72045,0.70710,0.70809
2020-04-14,0.71980,0.72091,0.71770,0.72021
2020-04-13,0.71470,0.72120,0.71450,0.71980
2020-04-10,0.71492,0.71687,0.71330,0.71620
2020-04-09,0.71295,0.71758,0.71000,0.71460
2020-04-08,0.71317,0.71454,0.70970,0.71287
2020-04-07,0.70698,0.71677,0.70650,0.71315
2020-04-06,0.70170,0.70982,0.70070,0.70700
2020-04-03,0.70816,0.70927,0.70250,0.70350
2020-04-02,0.70605,0.70993,0.69933,0.70818
2020-04-01,0.70938,0.71070,0.70020,0.70606
2020-03-31,0.70575,0.71347,0.69660,0.70936
2020-03-30,0.71028,0.71348,0.70460,0.70568
2020-03-27,0.71085,0.71809,0.70610,0.71430
2020-03-26,0.70318,0.71357,0.70000,0.71089
2020-03-25,0.69259,0.70507,0.69100,0.70290
2020-03-24,0.69040,0.69546,0.68770,0.69220
2020-03-23,0.69022,0.69724,0.68640,0.69000
2020-03-20,0.68825,0.70651,0.68750,0.69710
2020-03-19,0.69000,0.69319,0.68130,0.68790
2020-03-18,0.70220,0.70569,0.68230,0.69041
2020-03-17,0.71455,0.71605,0.70060,0.70244
2020-03-16,0.72160,0.72497,0.71280,0.71420
2020-03-13,0.71790,0.72538,0.71410,0.72390
2020-03-12,0.72601,0.72924,0.71580,0.71803
2020-03-11,0.72915,0.73071,0.72450,0.72598
2020-03-10,0.73190,0.73456,0.72450,0.72870
2020-03-09,0.73429,0.73952,0.72670,0.73209
2020-03-06,0.74574,0.74719,0.74360,0.74440
2020-03-05,0.74668,0.74704,0.74360,0.74540
2020-03-04,0.74701,0.74991,0.74410,0.74640
2020-03-03,0.74998,0.75060,0.74620,0.74700
2020-03-02,0.74398,0.75084,0.74370,0.74970
2020-02-28,0.74696,0.74733,0.74240,0.74590
2020-02-27,0.74956,0.75074,0.74610,0.74660
2020-02-26,0.75220,0.75330,0.74930,0.74954
2020-02-25,0.75208,0.75351,0.75100,0.75246
2020-02-24,0.75418,0.75474,0.75100,0.75180
2020-02-21,0.75408,0.75727,0.75320,0.75570
2020-02-20,0.75570,0.75671,0.75320,0.75400
2020-02-19,0.75390,0.75647,0.75380,0.75594
2020-02-18,0.75520,0.75552,0.75250,0.75419
2020-02-17,0.75451,0.75596,0.75410,0.75545
2020-02-14,0.75369,0.75534,0.75310,0.75410
2020-02-13,0.75444,0.75507,0.75310,0.75320
2020-02-12,0.75250,0.75527,0.75150,0.75400
2020-02-11,0.75072,0.75302,0.75020,0.75210
2020-02-10,0.75138,0.75235,0.74970,0.75050
2020-02-07,0.75210,0.75280,0.75030,0.75060
2020-02-06,0.75230,0.75340,0.75090,0.75250
2020-02-05,0.75270,0.75380,0.75130,0.75260
2020-02-04,0.75180,0.75370,0.75120,0.75260
2020-02-03,0.75480,0.75550,0.75120,0.75180
2020-01-31,0.75670,0.75770,0.75400,0.75490
2020-01-30,0.75700,0.75790,0.75560,0.75700
2020-01-29,0.75940,0.75980,0.75660,0.75740
2020-01-28,0.75750,0.76000,0.75680,0.75970
2020-01-27,0.75990,0.76040,0.75720,0.75790
2020-01-24,0.76130,0.76200,0.75980,0.76030
2020-01-23,0.76080,0.76180,0.75860,0.76170
2020-01-22,0.76440,0.76690,0.75980,0.76110
2020-01-21,0.76590,0.76640,0.76400,0.76470
2020-01-20,0.76500,0.76650,0.76450,0.76590
2020-01-17,0.76630,0.76700,0.76420,0.76490
2020-01-16,0.76620,0.76710,0.76540,0.76630
2020-01-15,0.76510,0.76700,0.76410,0.76620
2020-01-14,0.76550,0.76620,0.76410,0.76540
2020-01-13,0.76530,0.76710,0.76470,0.76580
2020-01-10,0.76520,0.76730,0.76430,0.76560
2020-01-09,0.76650,0.76750,0.76270,0.76550
2020-01-08,0.76860,0.77040,0.76620,0.76680
2020-01-07,0.77080,0.77160,0.76710,0.76890
2020-01-06,0.76940,0.77140,0.76920,0.77120
2020-01-03,0.76970,0.77130,0.76840,0.76880
2020-01-02,0.76950,0.77090,0.76820,0.77000
2020-01-01,0.76940,0.77020,0.76750,0.76990
2019-12-31,0.76500,0.77180,0.76480,0.76950
2019-12-30,0.76430,0.76610,0.76390,0.76530
2019-12-27,0.76210,0.76520,0.76160,0.76410
2019-12-26,0.75950,0.76300,0.75940,0.76250
2019-12-25,0.75910,0.76000,0.75850,0.75950
2019-12-24,0.76030,0.76060,0.75830,0.75910
2019-12-23,0.76000,0.76080,0.75850,0.76050
2019-12-20,0.76120,0.76180,0.75830,0.76000
2019-12-19,0.76190,0.76260,0.76080,0.76130
2019-12-18,0.75940,0.76300,0.75850,0.76230
2019-12-17,0.75950,0.76050,0.75800,0.75970
2019-12-16,0.75810,0.76230,0.75790,0.75980
2019-12-13,0.75880,0.76020,0.75680,0.75890
2019-12-12,0.75860,0.75980,0.75750,0.75920
2019-12-11,0.75530,0.75950,0.75480,0.75890
2019-12-10,0.75480,0.75600,0.75430,0.75560
2019-12-09,0.75380,0.75610,0.75330,0.75520
2019-12-06,0.75820,0.75900,0.75310,0.75380
2019-12-05,0.75710,0.75980,0.75710,0.75850
2019-12-04,0.75170,0.75780,0.75150,0.75750
2019-12-03,0.75100,0.75260,0.75020,0.75200
2019-12-02,0.75230,0.75310,0.75070,0.75130
2019-11-29,0.75240,0.75320,0.75060,0.75280
2019-11-28,0.75220,0.75290,0.75140,0.75240
2019-11-27,0.75300,0.75400,0.75200,0.75260
2019-11-26,0.75140,0.75340,0.75040,0.75330
2019-11-25,0.75160,0.75250,0.75040,0.75180
2019-11-22,0.75230,0.75430,0.75120,0.75120
2019-11-21,0.75100,0.75340,0.75000,0.75270
2019-11-20,0.75360,0.75380,0.74990,0.75130
2019-11-19,0.75690,0.75790,0.75290,0.75380
2019-11-18,0.75570,0.75760,0.75420,0.75710
2019-11-15,0.75440,0.75640,0.75410,0.75590
2019-11-14,0.75390,0.75490,0.75300,0.75470
2019-11-13,0.75530,0.75560,0.75320,0.75400
2019-11-12,0.75520,0.75640,0.75380,0.75540
2019-11-11,0.75570,0.75670,0.75500,0.75560
2019-11-08,0.75850,0.75900,0.75500,0.75540
2019-11-07,0.75790,0.75970,0.75720,0.75890
2019-11-06,0.75990,0.76040,0.75750,0.75790
2019-11-05,0.75960,0.76230,0.75830,0.76030
2019-11-04,0.76050,0.76140,0.75940,0.76000
2019-11-01,0.75890,0.76090,0.75740,0.76080
2019-10-31,0.75930,0.76100,0.75840,0.75920
2019-10-30,0.76340,0.76460,0.75680,0.75960
2019-10-29,0.76540,0.76650,0.76290,0.76370
2019-10-28,0.76553,0.76613,0.76410,0.76570
2019-10-25,0.76440,0.76580,0.76410,0.76550
2019-10-24,0.76430,0.76590,0.76330,0.76440
2019-10-23,0.76330,0.76500,0.76230,0.76470
2019-10-22,0.76350,0.76490,0.76170,0.76360
2019-10-21,0.76110,0.76420,0.76070,0.76350
2019-10-18,0.76060,0.76210,0.76030,0.76130
2019-10-17,0.75700,0.76140,0.75640,0.76060
2019-10-16,0.75720,0.75830,0.75550,0.75730
2019-10-15,0.75540,0.75770,0.75480,0.75740
2019-10-14,0.75740,0.75780,0.75470,0.75570
2019-10-11,0.75190,0.75910,0.75130,0.75720
2019-10-10,0.74890,0.75340,0.74870,0.75220
2019-10-09,0.75000,0.75200,0.74880,0.74920
2019-10-08,0.75090,0.75240,0.74940,0.75040
2019-10-07,0.75070,0.75220,0.74970,0.75120
2019-10-04,0.74940,0.75170,0.74920,0.75040
2019-10-03,0.74960,0.75110,0.74870,0.74980
2019-10-02,0.75590,0.75710,0.74950,0.74960
2019-10-01,0.75480,0.75680,0.75200,0.75620
2019-09-30,0.75500,0.75600,0.75370,0.75510
2019-09-27,0.75320,0.75650,0.75270,0.75450
2019-09-26,0.75360,0.75550,0.75270,0.75320
2019-09-25,0.75480,0.75520,0.75210,0.75360
2019-09-24,0.75380,0.75550,0.75290,0.75480
2019-09-23,0.75310,0.75430,0.75110,0.75410
2019-09-20,0.75380,0.75430,0.75140,0.75380
2019-09-19,0.75180,0.75500,0.75100,0.75390
2019-09-18,0.75450,0.75500,0.75090,0.75180
2019-09-17,0.75490,0.75540,0.75170,0.75480
2019-09-16,0.75640,0.75670,0.75310,0.75490
2019-09-13,0.75660,0.75680,0.75200,0.75220
2019-09-12,0.75720,0.75870,0.75590,0.75650
2019-09-11,0.76020,0.76090,0.75640,0.75750
2019-09-10,0.75890,0.76120,0.75760,0.76060
2019-09-09,0.75880,0.76090,0.75850,0.75920
2019-09-06,0.75550,0.75980,0.75500,0.75870
2019-09-05,0.75570,0.75780,0.75440,0.75580
2019-09-04,0.74910,0.75630,0.74900,0.75570
2019-09-03,0.74980,0.75040,0.74670,0.74950
2019-09-02,0.75040,0.75100,0.74800,0.75010
2019-08-30,0.75210,0.75450,0.74960,0.75100
2019-08-29,0.75100,0.75320,0.75030,0.75200
2019-08-28,0.75230,0.75270,0.75040,0.75130
2019-08-27,0.75410,0.75600,0.75130,0.75260
2019-08-26,0.75040,0.75460,0.75030,0.75450
2019-08-23,0.75160,0.75300,0.74930,0.75270
2019-08-22,0.75220,0.75310,0.75050,0.75190
2019-08-21,0.75030,0.75420,0.75010,0.75220
2019-08-20,0.74990,0.75120,0.74880,0.75060
2019-08-19,0.75310,0.75440,0.74930,0.74990
2019-08-16,0.75050,0.75380,0.75000,0.75320
2019-08-15,0.75050,0.75240,0.74930,0.75080
2019-08-14,0.75580,0.75680,0.75000,0.75050
2019-08-13,0.75490,0.75800,0.75170,0.75620
2019-08-12,0.75630,0.75670,0.75440,0.75490
2019-08-09,0.75520,0.75760,0.75320,0.75570
2019-08-08,0.75090,0.75610,0.75060,0.75550
2019-08-07,0.75240,0.75340,0.74900,0.75130
2019-08-06,0.75630,0.75810,0.75180,0.75270
2019-08-05,0.75680,0.75870,0.75440,0.75670
2019-08-02,0.75630,0.75740,0.75340,0.75700
2019-08-01,0.75780,0.75840,0.75440,0.75660
2019-07-31,0.76000,0.76280,0.75640,0.75810
2019-07-30,0.75930,0.76060,0.75760,0.76030
2019-07-29,0.75890,0.76030,0.75810,0.75930
2019-07-26,0.75930,0.75990,0.75720,0.75900
2019-07-25,0.76060,0.76220,0.75900,0.75930
2019-07-24,0.76080,0.76210,0.75990,0.76060
2019-07-23,0.76130,0.76190,0.75930,0.76080
2019-07-22,0.76550,0.76660,0.76140,0.76170
2019-07-19,0.76610,0.76750,0.76240,0.76520
2019-07-18,0.76590,0.76810,0.76330,0.76640
2019-07-17,0.76390,0.76690,0.76330,0.76600
2019-07-16,0.76600,0.76760,0.76340,0.76410
2019-07-15,0.76700,0.76780,0.76560,0.76630
2019-07-12,0.76480,0.76800,0.76470,0.76690
2019-07-11,0.76440,0.76660,0.76350,0.76510
2019-07-10,0.76120,0.76540,0.76040,0.76470
2019-07-09,0.76290,0.76330,0.76050,0.76130
2019-07-08,0.76420,0.76600,0.76260,0.76330
2019-07-05,0.76590,0.76620,0.76080,0.76430
2019-07-04,0.76550,0.76670,0.76400,0.76620
2019-07-03,0.76270,0.76580,0.76170,0.76570
2019-07-02,0.76100,0.76330,0.76070,0.76300
2019-07-01,0.76360,0.76410,0.76030,0.76140
2019-06-28,0.76290,0.76530,0.76150,0.76150
2019-06-27,0.76140,0.76360,0.76070,0.76320
2019-06-26,0.75830,0.76280,0.75760,0.76170
2019-06-25,0.75810,0.76010,0.75670,0.75860
2019-06-24,0.75660,0.75870,0.75630,0.75840
2019-06-21,0.75760,0.75950,0.75550,0.75580
2019-06-20,0.75280,0.76020,0.75280,0.75790
2019-06-19,0.74700,0.75320,0.74680,0.75320
2019-06-18,0.74520,0.74750,0.74400,0.74710
2019-06-17,0.74520,0.74640,0.74470,0.74520
2019-06-14,0.74990,0.75030,0.74470,0.74510
2019-06-13,0.74940,0.75170,0.74910,0.75030
2019-06-12,0.75240,0.75320,0.74890,0.74970
2019-06-11,0.75340,0.75450,0.75100,0.75270
2019-06-10,0.75320,0.75440,0.75260,0.75370
2019-06-07,0.74800,0.75380,0.74770,0.75330
2019-06-06,0.74450,0.74830,0.74410,0.74800
2019-06-05,0.74610,0.74810,0.74420,0.74480
2019-06-04,0.74330,0.74710,0.74320,0.74650
2019-06-03,0.73900,0.74400,0.73890,0.74330
2019-05-31,0.74050,0.74090,0.73680,0.73970
2019-05-30,0.73960,0.74130,0.73920,0.74080
2019-05-29,0.74070,0.74150,0.73800,0.73980
2019-05-28,0.74360,0.74420,0.74030,0.74100
2019-05-27,0.74370,0.74440,0.74280,0.74360
2019-05-24,0.74170,0.74440,0.74120,0.74370
2019-05-23,0.74400,0.74430,0.74010,0.74200
2019-05-22,0.74560,0.74840,0.74360,0.74420
2019-05-21,0.74420,0.74630,0.74390,0.74590
2019-05-20,0.74270,0.74520,0.74270,0.74460
2019-05-17,0.74240,0.74400,0.73950,0.74270
2019-05-16,0.74360,0.74600,0.74190,0.74270
2019-05-15,0.74260,0.74460,0.74060,0.74390
2019-05-14,0.74110,0.74300,0.74100,0.74290
2019-05-13,0.74410,0.74490,0.74090,0.74140
2019-05-10,0.74170,0.74720,0.74140,0.74510
2019-05-09,0.74180,0.74280,0.74010,0.74200
2019-05-08,0.74190,0.74360,0.74100,0.74180
2019-05-07,0.74290,0.74540,0.74090,0.74190
2019-05-06,0.74270,0.74430,0.74060,0.74320
2019-05-03,0.74200,0.74570,0.74120,0.74470
2019-05-02,0.74360,0.74440,0.74160,0.74230
2019-05-01,0.74610,0.74740,0.74250,0.74370
2019-04-30,0.74280,0.74710,0.74140,0.74640
2019-04-29,0.74240,0.74390,0.74140,0.74310
2019-04-26,0.74140,0.74320,0.74040,0.74280
2019-04-25,0.74060,0.74170,0.73930,0.74170
2019-04-24,0.74410,0.74460,0.73930,0.74090
2019-04-23,0.74880,0.74920,0.74340,0.74440
2019-04-22,0.74680,0.74970,0.74670,0.74880
2019-04-19,0.74680,0.74800,0.74610,0.74650
2019-04-18,0.74860,0.74900,0.74600,0.74710
2019-04-17,0.74820,0.75310,0.74740,0.74890
2019-04-16,0.74720,0.74900,0.74570,0.74840
2019-04-15,0.74970,0.75180,0.74640,0.74720
2019-04-12,0.74700,0.75080,0.74660,0.75050
2019-04-11,0.75040,0.75080,0.74590,0.74730
2019-04-10,0.74970,0.75130,0.74810,0.75040
2019-04-09,0.75060,0.75260,0.74930,0.74970
2019-04-08,0.74700,0.75140,0.74650,0.75060
2019-04-05,0.74770,0.74890,0.74580,0.74620
2019-04-04,0.74900,0.74950,0.74730,0.74810
2019-04-03,0.74910,0.75190,0.74850,0.74940
2019-04-02,0.75080,0.75130,0.74730,0.74940
2019-04-01,0.74850,0.75170,0.74760,0.75110
2019-03-29,0.74380,0.74930,0.74350,0.74920
2019-03-28,0.74520,0.74630,0.74300,0.74420
2019-03-27,0.74670,0.74740,0.74370,0.74520
2019-03-26,0.74570,0.74760,0.74510,0.74670
2019-03-25,0.74430,0.74610,0.74340,0.74570
2019-03-22,0.74780,0.74870,0.74360,0.74520
2019-03-21,0.75160,0.75300,0.74590,0.74810
2019-03-20,0.75000,0.75400,0.74880,0.75190
2019-03-19,0.74900,0.75450,0.74890,0.75030
2019-03-18,0.74900,0.75150,0.74770,0.74900
2019-03-15,0.74970,0.75230,0.74740,0.74960
2019-03-14,0.75190,0.75240,0.74880,0.74970
2019-03-13,0.74830,0.75220,0.74740,0.75220
2019-03-12,0.74600,0.74890,0.74490,0.74860
2019-03-11,0.74460,0.74690,0.74360,0.74630
2019-03-08,0.74290,0.74650,0.74220,0.74530
2019-03-07,0.74370,0.74530,0.74180,0.74280
2019-03-06,0.74810,0.74860,0.74270,0.74400
2019-03-05,0.75070,0.75110,0.74750,0.74810
2019-03-04,0.75270,0.75310,0.74930,0.75100
2019-03-01,0.75890,0.76140,0.75100,0.75150
2019-02-28,0.75980,0.76080,0.75680,0.75870
2019-02-27,0.75890,0.76210,0.75830,0.76010
2019-02-26,0.75780,0.76000,0.75510,0.75910
2019-02-25,0.76080,0.76240,0.75730,0.75810
2019-02-22,0.75540,0.76120,0.75460,0.76120
2019-02-21,0.75860,0.75950,0.75510,0.75540
2019-02-20,0.75620,0.76020,0.75610,0.75880
2019-02-19,0.75470,0.75710,0.75240,0.75620
2019-02-18,0.75410,0.75590,0.75290,0.75500
2019-02-15,0.75170,0.75480,0.75070,0.75470
2019-02-14,0.75360,0.75560,0.74920,0.75170
2019-02-13,0.75500,0.75760,0.75320,0.75350
2019-02-12,0.75100,0.75550,0.75060,0.75530
2019-02-11,0.75320,0.75380,0.75040,0.75130
2019-02-08,0.75100,0.75550,0.74980,0.75250
2019-02-07,0.75620,0.75650,0.75040,0.75140
2019-02-06,0.76120,0.76170,0.75590,0.75650
2019-02-05,0.76170,0.76300,0.75980,0.76150
2019-02-04,0.76340,0.76400,0.76020,0.76210
2019-02-01,0.76110,0.76500,0.75950,0.76350
2019-01-31,0.75980,0.76200,0.75920,0.76140
2019-01-30,0.75290,0.76210,0.75250,0.76010
2019-01-29,0.75350,0.75500,0.75220,0.75330
2019-01-28,0.75600,0.75720,0.75230,0.75390
2019-01-25,0.74810,0.75660,0.74810,0.75660
2019-01-24,0.74880,0.75000,0.74730,0.74850
2019-01-23,0.74840,0.75140,0.74750,0.74900
2019-01-22,0.75140,0.75190,0.74820,0.74870
2019-01-21,0.75330,0.75420,0.75040,0.75170
2019-01-18,0.75250,0.75530,0.75230,0.75400
2019-01-17,0.75400,0.75450,0.75040,0.75280
2019-01-16,0.75320,0.75530,0.75230,0.75430
2019-01-15,0.75240,0.75590,0.75170,0.75360
2019-01-14,0.75360,0.75430,0.75150,0.75270
2019-01-11,0.75490,0.75830,0.75260,0.75370
2019-01-10,0.75670,0.75710,0.75380,0.75520
2019-01-09,0.75280,0.75850,0.75280,0.75700
2019-01-08,0.75160,0.75350,0.75020,0.75310
2019-01-07,0.74650,0.75290,0.74650,0.75190
2019-01-04,0.74140,0.74760,0.74070,0.74750
2019-01-03,0.73260,0.74220,0.73180,0.74160
2019-01-02,0.73310,0.73680,0.73160,0.73260
2019-01-01,0.73660,0.73660,0.73220,0.73340
2018-12-31,0.73310,0.73460,0.73140,0.73220
2018-12-28,0.73370,0.73540,0.73150,0.73300
2018-12-27,0.73620,0.73690,0.73160,0.73410
2018-12-26,0.73450,0.73680,0.73400,0.73640
2018-12-25,0.73490,0.73600,0.73130,0.73480
2018-12-24,0.73510,0.73700,0.73360,0.73430
2018-12-21,0.74010,0.74090,0.73470,0.73470
2018-12-20,0.74130,0.74350,0.73870,0.74030
2018-12-19,0.74210,0.74520,0.74000,0.74150
2018-12-18,0.74510,0.74660,0.74050,0.74260
2018-12-17,0.74660,0.74760,0.74460,0.74510
2018-12-14,0.74850,0.74900,0.74570,0.74700
2018-12-13,0.74830,0.74950,0.74690,0.74890
2018-12-12,0.74620,0.75030,0.74620,0.74870
2018-12-11,0.74600,0.74720,0.74450,0.74650
2018-12-10,0.74970,0.75210,0.74490,0.74630
2018-12-07,0.74620,0.75420,0.74580,0.75030
2018-12-06,0.74820,0.74850,0.74350,0.74650
2018-12-05,0.75370,0.75430,0.74590,0.74830
2018-12-04,0.75710,0.75940,0.75330,0.75360
2018-12-03,0.75390,0.75970,0.75320,0.75740
2018-11-30,0.75250,0.75320,0.74960,0.75200
2018-11-29,0.75290,0.75430,0.75080,0.75280
2018-11-28,0.75160,0.75500,0.74810,0.75320
2018-11-27,0.75410,0.75520,0.74980,0.75190
2018-11-26,0.75570,0.75810,0.75360,0.75450
2018-11-23,0.75770,0.75820,0.75380,0.75530
2018-11-22,0.75510,0.75840,0.75450,0.75770
2018-11-21,0.75090,0.75580,0.75040,0.75540
2018-11-20,0.75880,0.76000,0.75040,0.75130
2018-11-19,0.75970,0.76070,0.75700,0.75910
2018-11-16,0.75830,0.76160,0.75790,0.76000
2018-11-15,0.75460,0.75990,0.75430,0.75870
2018-11-14,0.75520,0.75690,0.75350,0.75490
2018-11-13,0.75450,0.75650,0.75350,0.75550
2018-11-12,0.75670,0.75840,0.75420,0.75490
2018-11-09,0.75970,0.76080,0.75530,0.75660
2018-11-08,0.76200,0.76390,0.75810,0.76010
2018-11-07,0.76140,0.76570,0.75950,0.76230
2018-11-06,0.76250,0.76280,0.76030,0.76180
2018-11-05,0.76280,0.76480,0.76200,0.76270
2018-11-02,0.76360,0.76620,0.76180,0.76240
2018-11-01,0.75940,0.76500,0.75890,0.76400
2018-10-31,0.76180,0.76260,0.75880,0.75970
2018-10-30,0.76100,0.76310,0.76010,0.76180
2018-10-29,0.76310,0.76420,0.76010,0.76100
2018-10-26,0.76460,0.76490,0.75960,0.76280
2018-10-25,0.76610,0.76810,0.76300,0.76460
2018-10-24,0.76370,0.77080,0.76290,0.76640
2018-10-23,0.76290,0.76460,0.76160,0.76400
2018-10-22,0.76240,0.76430,0.76140,0.76320
2018-10-19,0.76410,0.76740,0.76110,0.76290
2018-10-18,0.76710,0.76780,0.76360,0.76440
2018-10-17,0.77260,0.77300,0.76700,0.76740
2018-10-16,0.76940,0.77370,0.76880,0.77290
2018-10-15,0.76750,0.77120,0.76580,0.76940
2018-10-12,0.76690,0.76860,0.76560,0.76750
2018-10-11,0.76590,0.76780,0.76450,0.76700
2018-10-10,0.77210,0.77340,0.76470,0.76620
2018-10-09,0.77130,0.77270,0.76860,0.77210
2018-10-08,0.77180,0.77230,0.76810,0.77130
2018-10-05,0.77340,0.77470,0.77150,0.77250
2018-10-04,0.77640,0.77750,0.77250,0.77340
2018-10-03,0.77940,0.78050,0.77590,0.77670
2018-10-02,0.78010,0.78110,0.77830,0.77970
2018-10-01,0.77820,0.78210,0.77700,0.78040
2018-09-28,0.76680,0.77470,0.76630,0.77450
2018-09-27,0.76650,0.76810,0.76410,0.76710
2018-09-26,0.77140,0.77230,0.76610,0.76690
2018-09-25,0.77170,0.77280,0.77040,0.77170
2018-09-24,0.77340,0.77440,0.77130,0.77200
2018-09-21,0.77440,0.77580,0.77210,0.77380
2018-09-20,0.77340,0.77590,0.77310,0.77470
2018-09-19,0.77050,0.77500,0.76910,0.77370
2018-09-18,0.76540,0.77090,0.76480,0.77080
2018-09-17,0.76610,0.76890,0.76560,0.76580
2018-09-14,0.76890,0.77000,0.76550,0.76630
2018-09-13,0.76880,0.77040,0.76730,0.76920
2018-09-12,0.76520,0.77020,0.76410,0.76910
2018-09-11,0.75940,0.76650,0.75860,0.76550
2018-09-10,0.75850,0.76010,0.75720,0.75970
2018-09-07,0.76000,0.76250,0.75770,0.75960
2018-09-06,0.75850,0.76150,0.75570,0.76020
2018-09-05,0.75830,0.75970,0.75670,0.75890
2018-09-04,0.76340,0.76370,0.75670,0.75860
2018-09-03,0.76500,0.76600,0.76270,0.76370
2018-08-31,0.76970,0.77010,0.76360,0.76660
2018-08-30,0.77400,0.77480,0.76880,0.77000
2018-08-29,0.77300,0.77480,0.77110,0.77430
2018-08-28,0.77090,0.77570,0.76980,0.77300
2018-08-27,0.76770,0.77180,0.76480,0.77090
2018-08-24,0.76330,0.76840,0.76270,0.76740
2018-08-23,0.76910,0.76950,0.76300,0.76360
2018-08-22,0.76640,0.76980,0.76620,0.76940
2018-08-21,0.76630,0.76820,0.76540,0.76670
2018-08-20,0.76530,0.76690,0.76330,0.76670
2018-08-17,0.75950,0.76600,0.75890,0.76510
2018-08-16,0.76040,0.76230,0.75860,0.75980
2018-08-15,0.76570,0.76600,0.75860,0.76080
2018-08-14,0.76130,0.76610,0.76080,0.76600
2018-08-13,0.76030,0.76290,0.75880,0.76130
2018-08-10,0.76560,0.76640,0.75980,0.76040
2018-08-09,0.76770,0.76900,0.76500,0.76560
2018-08-08,0.76520,0.76860,0.76230,0.76790
2018-08-07,0.76850,0.77120,0.76440,0.76550
2018-08-06,0.76790,0.76980,0.76650,0.76850
2018-08-03,0.76750,0.77080,0.76650,0.76930
2018-08-02,0.76880,0.76940,0.76640,0.76780
2018-08-01,0.76750,0.77050,0.76670,0.76910
2018-07-31,0.76690,0.76970,0.76310,0.76780
2018-07-30,0.76510,0.76930,0.76410,0.76730
2018-07-27,0.76440,0.76630,0.76420,0.76560
2018-07-26,0.76600,0.76760,0.76350,0.76470
2018-07-25,0.75950,0.76760,0.75910,0.76640
2018-07-24,0.75880,0.76110,0.75760,0.75980
2018-07-23,0.76150,0.76230,0.75820,0.75910
2018-07-20,0.75340,0.76220,0.75190,0.76010
2018-07-19,0.75880,0.75970,0.75210,0.75360
2018-07-18,0.75720,0.75950,0.75380,0.75910
2018-07-17,0.76070,0.76250,0.75610,0.75720
2018-07-16,0.75950,0.76250,0.75930,0.76110
2018-07-13,0.75890,0.76020,0.75660,0.75950
2018-07-12,0.75650,0.76020,0.75620,0.75900
2018-07-11,0.76050,0.76520,0.75620,0.75670
2018-07-10,0.76200,0.76300,0.76020,0.76090
2018-07-09,0.76320,0.76510,0.76160,0.76230
2018-07-06,0.76090,0.76450,0.75990,0.76390
2018-07-05,0.76050,0.76230,0.75950,0.76090
2018-07-04,0.76040,0.76250,0.75930,0.76050
2018-07-03,0.75780,0.76130,0.75670,0.76060
2018-07-02,0.76030,0.76080,0.75580,0.75820
2018-06-29,0.75380,0.76140,0.75320,0.76060
2018-06-28,0.74950,0.75490,0.74860,0.75420
2018-06-27,0.75120,0.75290,0.74660,0.74980
2018-06-26,0.75190,0.75270,0.74970,0.75120
2018-06-25,0.75300,0.75330,0.75010,0.75220
2018-06-22,0.75050,0.75390,0.74730,0.75310
2018-06-21,0.75090,0.75240,0.74950,0.75090
2018-06-20,0.75220,0.75350,0.75020,0.75110
2018-06-19,0.75690,0.75750,0.75190,0.75260
2018-06-18,0.75700,0.75970,0.75500,0.75720
2018-06-15,0.76250,0.76310,0.75670,0.75690
2018-06-14,0.77020,0.77200,0.76230,0.76280
2018-06-13,0.76770,0.77160,0.76590,0.77050
2018-06-12,0.76960,0.77030,0.76700,0.76770
2018-06-11,0.77030,0.77170,0.76710,0.76990
2018-06-08,0.77030,0.77370,0.76720,0.77330
2018-06-07,0.77220,0.77290,0.76880,0.77060
2018-06-06,0.77070,0.77730,0.77050,0.77250
2018-06-05,0.77310,0.77410,0.76490,0.77100
2018-06-04,0.77120,0.77490,0.77090,0.77340
2018-06-01,0.77220,0.77310,0.76880,0.77160
2018-05-31,0.77540,0.77990,0.76940,0.77260
2018-05-30,0.76750,0.77890,0.76640,0.77570
2018-05-29,0.76900,0.77080,0.76600,0.76780
2018-05-28,0.77030,0.77070,0.76750,0.76930
2018-05-25,0.77600,0.77630,0.76950,0.77040
2018-05-24,0.77840,0.77930,0.77360,0.77630
2018-05-23,0.77970,0.78020,0.77380,0.77840
2018-05-22,0.78220,0.78440,0.77910,0.78000
2018-05-21,0.77600,0.78250,0.77530,0.78240
2018-05-18,0.77920,0.78160,0.77410,0.77590
2018-05-17,0.78190,0.78410,0.77900,0.77950
2018-05-16,0.77610,0.78240,0.77610,0.78220
2018-05-15,0.78060,0.78150,0.77330,0.77650
2018-05-14,0.78150,0.78400,0.78000,0.78090
2018-05-11,0.78280,0.78540,0.78080,0.78110
2018-05-10,0.77750,0.78440,0.77750,0.78310
2018-05-09,0.77150,0.77950,0.77030,0.77780
2018-05-08,0.77550,0.77640,0.76900,0.77180
2018-05-07,0.77760,0.77860,0.77490,0.77580
2018-05-04,0.77770,0.77890,0.77370,0.77800
2018-05-03,0.77620,0.78000,0.77440,0.77800
2018-05-02,0.77790,0.78080,0.77540,0.77650
2018-05-01,0.77860,0.77980,0.77410,0.77820
2018-04-30,0.77830,0.78070,0.77620,0.77890
2018-04-27,0.77630,0.77950,0.77470,0.77930
2018-04-26,0.77850,0.77970,0.77560,0.77630
2018-04-25,0.77920,0.77980,0.77490,0.77880
2018-04-24,0.77810,0.78010,0.77720,0.77920
2018-04-23,0.78310,0.78410,0.77730,0.77840
2018-04-20,0.78910,0.79140,0.78270,0.78310
2018-04-19,0.79150,0.79430,0.78840,0.78910
2018-04-18,0.79600,0.79670,0.78950,0.79150
2018-04-17,0.79530,0.79810,0.79450,0.79630
2018-04-16,0.79310,0.79570,0.79170,0.79550
2018-04-13,0.79380,0.79650,0.79210,0.79270
2018-04-12,0.79480,0.79590,0.79180,0.79420
2018-04-11,0.79330,0.79680,0.79170,0.79480
2018-04-10,0.78640,0.79420,0.78640,0.79360
2018-04-09,0.78230,0.78770,0.77970,0.78690
2018-04-06,0.78260,0.78520,0.78110,0.78190
2018-04-05,0.78300,0.78440,0.78040,0.78290
2018-04-04,0.78090,0.78360,0.77790,0.78330
2018-04-03,0.77370,0.78220,0.77330,0.78120
2018-04-02,0.77540,0.77720,0.77210,0.77400
2018-03-30,0.77540,0.77730,0.77460,0.77520
2018-03-29,0.77320,0.77710,0.77280,0.77560
2018-03-28,0.77580,0.77720,0.77280,0.77350
2018-03-27,0.77760,0.78010,0.77460,0.77610
2018-03-26,0.77590,0.77860,0.77360,0.77790
2018-03-23,0.77290,0.77960,0.77240,0.77520
2018-03-22,0.77490,0.77920,0.77180,0.77320
2018-03-21,0.76420,0.77560,0.76420,0.77520
2018-03-20,0.76390,0.76580,0.76280,0.76450
2018-03-19,0.76310,0.76610,0.76140,0.76430
2018-03-16,0.76540,0.76620,0.76240,0.76320
2018-03-15,0.77130,0.77230,0.76490,0.76570
2018-03-14,0.77140,0.77370,0.77030,0.77170
2018-03-13,0.77810,0.77920,0.76980,0.77170
2018-03-12,0.77980,0.78090,0.77800,0.77840
2018-03-09,0.77530,0.78040,0.77420,0.78000
2018-03-08,0.77410,0.77690,0.77120,0.77560
2018-03-07,0.77360,0.77560,0.76870,0.77440
2018-03-06,0.77020,0.77710,0.76900,0.77390
2018-03-05,0.77600,0.77630,0.76880,0.77060
2018-03-02,0.77890,0.77990,0.77380,0.77590
2018-03-01,0.77870,0.78040,0.77510,0.77920
2018-02-28,0.78250,0.78340,0.77820,0.77910
2018-02-27,0.78800,0.78920,0.78210,0.78280
2018-02-26,0.79050,0.79250,0.78630,0.78840
2018-02-23,0.78670,0.79210,0.78530,0.79210
2018-02-22,0.78700,0.78890,0.78380,0.78700
2018-02-21,0.79030,0.79180,0.78670,0.78730
2018-02-20,0.79540,0.79610,0.79010,0.79030
2018-02-19,0.79570,0.79810,0.79370,0.79560
2018-02-16,0.80040,0.80300,0.79530,0.79630
2018-02-15,0.79990,0.80200,0.79730,0.80070
2018-02-14,0.79360,0.80050,0.79020,0.80020
2018-02-13,0.79400,0.79550,0.79180,0.79360
2018-02-12,0.79390,0.79630,0.79170,0.79400
2018-02-09,0.79330,0.79580,0.78880,0.79460
2018-02-08,0.79500,0.79680,0.79240,0.79330
2018-02-07,0.79980,0.80020,0.79460,0.79500
2018-02-06,0.79740,0.80020,0.79530,0.80010
2018-02-05,0.80290,0.80640,0.79680,0.79770
2018-02-02,0.81440,0.81570,0.80370,0.80520
2018-02-01,0.81200,0.81560,0.81050,0.81470
2018-01-31,0.81010,0.81590,0.80940,0.81230
2018-01-30,0.80980,0.81210,0.80730,0.81040
2018-01-29,0.81070,0.81210,0.80880,0.81010
2018-01-26,0.80670,0.81330,0.80660,0.81270
2018-01-25,0.80950,0.81400,0.80670,0.80700
2018-01-24,0.80430,0.81170,0.80420,0.80980
2018-01-23,0.80290,0.80500,0.80010,0.80430
2018-01-22,0.80070,0.80400,0.79970,0.80320
2018-01-19,0.80530,0.80630,0.79910,0.80060
2018-01-18,0.80250,0.80580,0.80050,0.80560
2018-01-17,0.80350,0.80790,0.79930,0.80280
2018-01-16,0.80410,0.80640,0.80260,0.80390
2018-01-15,0.80300,0.80600,0.80130,0.80450
2018-01-12,0.79820,0.80300,0.79610,0.80220
2018-01-11,0.79660,0.79880,0.79390,0.79850
2018-01-10,0.80200,0.80440,0.79430,0.79700
2018-01-09,0.80460,0.80640,0.80100,0.80190
2018-01-08,0.80540,0.80730,0.80310,0.80490
2018-01-05,0.80000,0.80900,0.79870,0.80590
2018-01-04,0.79690,0.80080,0.79590,0.80040
2018-01-03,0.79860,0.79980,0.79610,0.79720
2018-01-02,0.79620,0.79980,0.79570,0.79860
2018-01-01,0.79450,0.79730,0.79430,0.79640
2017-12-29,0.79520,0.79880,0.79380,0.79440
2017-12-28,0.78970,0.79560,0.78940,0.79540
2017-12-27,0.78760,0.79170,0.78720,0.78970
2017-12-26,0.78580,0.78810,0.78480,0.78800
2017-12-25,0.78590,0.78670,0.78390,0.78580
2017-12-22,0.78450,0.78730,0.78150,0.78620
2017-12-21,0.77870,0.78720,0.77840,0.78490
2017-12-20,0.77610,0.77990,0.77590,0.77910
2017-12-19,0.77720,0.77800,0.77380,0.77630
2017-12-18,0.77650,0.77850,0.77590,0.77720
2017-12-15,0.78060,0.78480,0.77500,0.77710
2017-12-14,0.77980,0.78630,0.77680,0.78100
2017-12-13,0.77620,0.78130,0.77590,0.77980
2017-12-12,0.77730,0.78030,0.77520,0.77640
2017-12-11,0.77730,0.77920,0.77660,0.77760
2017-12-08,0.77750,0.78030,0.77590,0.77810
2017-12-07,0.78130,0.78190,0.77660,0.77780
2017-12-06,0.78740,0.79010,0.78030,0.78160
2017-12-05,0.78800,0.79200,0.78670,0.78760
2017-12-04,0.78660,0.78980,0.78530,0.78800
2017-12-01,0.77490,0.78900,0.77480,0.78820
2017-11-30,0.77670,0.77790,0.77420,0.77520
2017-11-29,0.78000,0.78080,0.77630,0.77670
2017-11-28,0.78310,0.78390,0.77930,0.78030
2017-11-27,0.78620,0.78840,0.78260,0.78340
2017-11-24,0.78610,0.78760,0.78400,0.78620
2017-11-23,0.78660,0.78890,0.78540,0.78600
2017-11-22,0.78180,0.78760,0.78180,0.78690
2017-11-21,0.78000,0.78410,0.77850,0.78210
2017-11-20,0.78230,0.78380,0.77950,0.78040
2017-11-17,0.78350,0.78640,0.77930,0.78360
2017-11-16,0.78270,0.78540,0.78180,0.78390
2017-11-15,0.78470,0.78640,0.78140,0.78300
2017-11-14,0.78470,0.78720,0.78250,0.78500
2017-11-13,0.78740,0.78860,0.78440,0.78500
2017-11-10,0.78790,0.78930,0.78720,0.78790
2017-11-09,0.78510,0.78920,0.78440,0.78830
2017-11-08,0.78270,0.78630,0.78230,0.78540
2017-11-07,0.78620,0.78660,0.77960,0.78300
2017-11-06,0.78290,0.78700,0.78180,0.78610
2017-11-03,0.78010,0.78610,0.77860,0.78370
2017-11-02,0.77640,0.78090,0.77620,0.78010
2017-11-01,0.77480,0.77770,0.77410,0.77650
2017-10-31,0.77880,0.77960,0.77380,0.77510
2017-10-30,0.77880,0.78030,0.77710,0.77910
2017-10-27,0.77750,0.78100,0.77370,0.78080
2017-10-26,0.78100,0.78220,0.77730,0.77750
2017-10-25,0.78870,0.78960,0.77980,0.78090
2017-10-24,0.79040,0.79210,0.78740,0.78900
2017-10-23,0.79110,0.79260,0.78940,0.79070
2017-10-20,0.80060,0.80130,0.79130,0.79220
2017-10-19,0.80180,0.80300,0.79990,0.80090
2017-10-18,0.79850,0.80250,0.79740,0.80210
2017-10-17,0.79820,0.79890,0.79410,0.79880
2017-10-16,0.80050,0.80170,0.79650,0.79860
2017-10-13,0.80160,0.80280,0.79820,0.80270
2017-10-12,0.80240,0.80410,0.80000,0.80160
2017-10-11,0.79850,0.80290,0.79760,0.80270
2017-10-10,0.79600,0.80080,0.79590,0.79880
2017-10-09,0.79700,0.79810,0.79580,0.79630
2017-10-06,0.79510,0.79850,0.79350,0.79850
2017-10-05,0.80140,0.80230,0.79410,0.79550
2017-10-04,0.80010,0.80300,0.79960,0.80100
2017-10-03,0.79860,0.80100,0.79710,0.80040
2017-10-02,0.80140,0.80190,0.79790,0.79890
2017-09-29,0.80380,0.80520,0.79780,0.80220
2017-09-28,0.80100,0.80520,0.79830,0.80410
2017-09-27,0.80880,0.81040,0.80060,0.80100
2017-09-26,0.80820,0.81080,0.80510,0.80880
2017-09-25,0.80950,0.81180,0.80700,0.80810
2017-09-22,0.81060,0.81570,0.80920,0.81100
2017-09-21,0.81050,0.81140,0.80800,0.81090
2017-09-20,0.81310,0.81720,0.80660,0.81080
2017-09-19,0.81390,0.81580,0.81200,0.81340
2017-09-18,0.82000,0.82140,0.81010,0.81390
2017-09-15,0.82180,0.82470,0.81800,0.82070
2017-09-14,0.82150,0.82230,0.81680,0.82210
2017-09-13,0.82060,0.82410,0.81780,0.82170
2017-09-12,0.82590,0.82740,0.81990,0.82090
2017-09-11,0.82250,0.82640,0.82120,0.82630
2017-09-08,0.82450,0.82890,0.82170,0.82290
2017-09-07,0.81680,0.82550,0.81650,0.82480
2017-09-06,0.80800,0.82030,0.80500,0.81690
2017-09-05,0.80520,0.81040,0.80490,0.80830
2017-09-04,0.80710,0.80780,0.80430,0.80550
2017-09-01,0.80070,0.80980,0.80010,0.80700
2017-08-31,0.79170,0.80130,0.78920,0.80100
2017-08-30,0.79880,0.79980,0.79090,0.79200
2017-08-29,0.79820,0.80350,0.79640,0.79910
2017-08-28,0.80140,0.80330,0.79730,0.79850
2017-08-25,0.79860,0.80200,0.79710,0.80180
2017-08-24,0.79650,0.79890,0.79560,0.79860
2017-08-23,0.79520,0.79720,0.79320,0.79680
2017-08-22,0.79550,0.79810,0.79360,0.79520
2017-08-21,0.79370,0.79630,0.79280,0.79590
2017-08-18,0.78810,0.79620,0.78740,0.79460
2017-08-17,0.79150,0.79410,0.78770,0.78840
2017-08-16,0.78350,0.79280,0.78270,0.79150
2017-08-15,0.78540,0.78610,0.78210,0.78380
2017-08-14,0.78820,0.78890,0.78500,0.78570
2017-08-11,0.78420,0.78990,0.78360,0.78930
2017-08-10,0.78720,0.78850,0.78370,0.78470
2017-08-09,0.78880,0.78940,0.78570,0.78750
2017-08-08,0.78810,0.79030,0.78660,0.78910
2017-08-07,0.79090,0.79160,0.78610,0.78850
2017-08-04,0.79490,0.79620,0.78900,0.79080
2017-08-03,0.79510,0.79640,0.79200,0.79520
2017-08-02,0.79620,0.79730,0.79380,0.79540
2017-08-01,0.79960,0.80290,0.79620,0.79660
2017-07-31,0.80380,0.80420,0.79790,0.79990
2017-07-28,0.79630,0.80500,0.79520,0.80460
2017-07-27,0.80280,0.80520,0.79500,0.79660
2017-07-26,0.79880,0.80520,0.79680,0.80310
2017-07-25,0.79880,0.80100,0.79740,0.79880
2017-07-24,0.79690,0.80080,0.79630,0.79910
2017-07-21,0.79340,0.79830,0.79280,0.79770
2017-07-20,0.79290,0.79690,0.79060,0.79370
2017-07-19,0.79110,0.79470,0.78990,0.79320
2017-07-18,0.78700,0.79470,0.78700,0.79140
2017-07-17,0.79030,0.79170,0.78680,0.78730
2017-07-14,0.78500,0.79100,0.78400,0.79090
2017-07-13,0.78350,0.78590,0.78260,0.78520
2017-07-12,0.77380,0.78790,0.77240,0.78370
2017-07-11,0.77530,0.77590,0.77220,0.77410
2017-07-10,0.77550,0.77670,0.77280,0.77560
2017-07-07,0.77010,0.77740,0.76910,0.77690
2017-07-06,0.77130,0.77360,0.76970,0.77040
2017-07-05,0.77250,0.77320,0.76810,0.77160
2017-07-04,0.76850,0.77420,0.76790,0.77280
2017-07-03,0.77040,0.77110,0.76780,0.76880
2017-06-30,0.76900,0.77220,0.76880,0.77150
2017-06-29,0.76650,0.76990,0.76630,0.76930
2017-06-28,0.75850,0.76820,0.75800,0.76680
2017-06-27,0.75400,0.76040,0.75360,0.75890
2017-06-26,0.75340,0.75670,0.75320,0.75400
2017-06-23,0.75510,0.75680,0.75110,0.75420
2017-06-22,0.74970,0.75690,0.74930,0.75540
2017-06-21,0.75300,0.75350,0.74870,0.75000
2017-06-20,0.75560,0.75710,0.75220,0.75330
2017-06-19,0.75650,0.75790,0.75380,0.75590
2017-06-16,0.75390,0.75720,0.75290,0.75640
2017-06-15,0.75500,0.75590,0.75100,0.75420
2017-06-14,0.75490,0.75930,0.75310,0.75540
2017-06-13,0.75020,0.75660,0.75020,0.75520
2017-06-12,0.74290,0.75090,0.74190,0.75060
2017-06-09,0.73960,0.74470,0.73870,0.74260
2017-06-08,0.73980,0.74140,0.73800,0.73990
2017-06-07,0.74310,0.74460,0.73880,0.73980
2017-06-06,0.74140,0.74400,0.74110,0.74310
2017-06-05,0.74050,0.74280,0.74020,0.74180
2017-06-02,0.73970,0.74150,0.73770,0.74050
2017-06-01,0.74040,0.74210,0.73870,0.74000
2017-05-31,0.74170,0.74400,0.73900,0.74080
2017-05-30,0.74190,0.74320,0.74010,0.74210
2017-05-29,0.74310,0.74450,0.74160,0.74220
2017-05-26,0.74110,0.74420,0.74040,0.74370
2017-05-25,0.74520,0.74680,0.74070,0.74140
2017-05-24,0.73940,0.74580,0.73800,0.74550
2017-05-23,0.74030,0.74290,0.73890,0.73970
2017-05-22,0.73960,0.74130,0.73800,0.74060
2017-05-19,0.73430,0.74000,0.73420,0.73950
2017-05-18,0.73550,0.73610,0.73120,0.73460
2017-05-17,0.73420,0.73660,0.73260,0.73590
2017-05-16,0.73320,0.73650,0.73180,0.73450
2017-05-15,0.72880,0.73500,0.72830,0.73350
2017-05-12,0.72920,0.73150,0.72730,0.72940
2017-05-11,0.73060,0.73080,0.72600,0.72950
2017-05-10,0.72910,0.73250,0.72780,0.73100
2017-05-09,0.72960,0.73130,0.72660,0.72940
2017-05-08,0.73090,0.73280,0.72770,0.72990
2017-05-05,0.72670,0.73280,0.72450,0.73270
2017-05-04,0.72780,0.72970,0.72550,0.72700
2017-05-03,0.72900,0.73060,0.72730,0.72810
2017-05-02,0.73080,0.73230,0.72660,0.72940
2017-05-01,0.73230,0.73310,0.73020,0.73110
2017-04-28,0.73270,0.73370,0.72970,0.73220
2017-04-27,0.73400,0.73890,0.73120,0.73300
2017-04-26,0.73620,0.73820,0.73320,0.73420
2017-04-25,0.73950,0.73980,0.73340,0.73660
2017-04-24,0.74130,0.74540,0.73910,0.73960
2017-04-21,0.74210,0.74290,0.73900,0.74110
2017-04-20,0.74140,0.74280,0.74040,0.74240
2017-04-19,0.74670,0.74730,0.74080,0.74170
2017-04-18,0.74990,0.75090,0.74580,0.74700
2017-04-17,0.75040,0.75380,0.74980,0.75020
2017-04-14,0.74960,0.75110,0.74930,0.75070
2017-04-13,0.75430,0.75600,0.74930,0.74980
2017-04-12,0.74970,0.75500,0.74920,0.75460
2017-04-11,0.75010,0.75110,0.74820,0.75010
2017-04-10,0.74540,0.75060,0.74430,0.75040
2017-04-07,0.74470,0.74910,0.74410,0.74630
2017-04-06,0.74400,0.74610,0.74300,0.74500
2017-04-05,0.74590,0.74720,0.74310,0.74430
2017-04-04,0.74660,0.74750,0.74270,0.74620
2017-04-03,0.75040,0.75110,0.74580,0.74690
2017-03-31,0.74930,0.75260,0.74760,0.75110
2017-03-30,0.74960,0.75290,0.74860,0.74930
2017-03-29,0.74680,0.75040,0.74580,0.74960
2017-03-28,0.74680,0.74860,0.74510,0.74710
2017-03-27,0.74950,0.75050,0.74580,0.74710
2017-03-24,0.74830,0.74910,0.74660,0.74780
2017-03-23,0.74950,0.75080,0.74810,0.74830
2017-03-22,0.74840,0.75050,0.74530,0.74980
2017-03-21,0.74910,0.75360,0.74790,0.74870
2017-03-20,0.74950,0.75140,0.74740,0.74940
2017-03-17,0.75010,0.75140,0.74710,0.74820
2017-03-16,0.75150,0.75300,0.74850,0.75040
2017-03-15,0.74130,0.75200,0.74120,0.75170
2017-03-14,0.74300,0.74390,0.74050,0.74130
2017-03-13,0.74230,0.74440,0.74170,0.74300
2017-03-10,0.73970,0.74480,0.73940,0.74280
2017-03-09,0.74060,0.74150,0.73840,0.74000
2017-03-08,0.74510,0.74620,0.74020,0.74090
2017-03-07,0.74530,0.74700,0.74400,0.74540
2017-03-06,0.74700,0.74760,0.74440,0.74530
2017-03-03,0.74610,0.74790,0.74380,0.74790
2017-03-02,0.74970,0.75000,0.74570,0.74640
2017-03-01,0.75090,0.75250,0.74820,0.74980
2017-02-28,0.75780,0.75940,0.75060,0.75070
2017-02-27,0.76280,0.76410,0.75780,0.75810
2017-02-24,0.76270,0.76570,0.76190,0.76400
2017-02-23,0.75930,0.76410,0.75880,0.76270
2017-02-22,0.76010,0.76250,0.75660,0.75960
2017-02-21,0.76240,0.76310,0.75920,0.76040
2017-02-20,0.76330,0.76460,0.76170,0.76270
2017-02-17,0.76450,0.76550,0.76140,0.76400
2017-02-16,0.76410,0.76840,0.76400,0.76490
2017-02-15,0.76440,0.76520,0.76180,0.76450
2017-02-14,0.76440,0.76760,0.76250,0.76460
2017-02-13,0.76330,0.76570,0.76160,0.76450
2017-02-10,0.76070,0.76520,0.75950,0.76470
2017-02-09,0.76040,0.76340,0.75910,0.76070
2017-02-08,0.75800,0.76120,0.75710,0.76070
2017-02-07,0.76420,0.76470,0.75640,0.75830
2017-02-06,0.76710,0.76860,0.76100,0.76450
2017-02-03,0.76720,0.76940,0.76500,0.76800
2017-02-02,0.76620,0.77010,0.76570,0.76720
2017-02-01,0.76620,0.76710,0.76270,0.76650
2017-01-31,0.76200,0.77080,0.76150,0.76660
2017-01-30,0.76100,0.76440,0.75890,0.76230
2017-01-27,0.76330,0.76390,0.75970,0.76060
2017-01-26,0.76460,0.76580,0.76110,0.76360
2017-01-25,0.75950,0.76540,0.75930,0.76500
2017-01-24,0.75580,0.76210,0.75150,0.75950
2017-01-23,0.74990,0.75620,0.74950,0.75610
2017-01-20,0.75010,0.75260,0.74650,0.74980
2017-01-19,0.75320,0.75430,0.74840,0.75040
2017-01-18,0.76600,0.76670,0.75290,0.75360
2017-01-17,0.75790,0.76800,0.75780,0.76600
2017-01-16,0.76110,0.76210,0.75780,0.75820
2017-01-13,0.76000,0.76270,0.75890,0.76220
2017-01-12,0.75810,0.76720,0.75810,0.76040
2017-01-11,0.75500,0.76190,0.75190,0.75840
2017-01-10,0.75600,0.75780,0.75380,0.75540
2017-01-09,0.75410,0.75740,0.75270,0.75600
2017-01-06,0.75530,0.75860,0.75320,0.75560
2017-01-05,0.75130,0.75790,0.75070,0.75560
2017-01-04,0.74430,0.75260,0.74260,0.75150
2017-01-03,0.74310,0.74600,0.74240,0.74460
2017-01-02,0.74360,0.74670,0.74290,0.74330
2016-12-30,0.74000,0.74590,0.73980,0.74410
2016-12-29,0.73750,0.74160,0.73710,0.74020
2016-12-28,0.73600,0.73840,0.73490,0.73750
2016-12-27,0.73960,0.73970,0.73580,0.73600
2016-12-26,0.73870,0.74150,0.73820,0.73980
2016-12-23,0.74100,0.74160,0.73710,0.73840
2016-12-22,0.74360,0.74510,0.73920,0.74130
2016-12-21,0.74750,0.74840,0.74350,0.74380
2016-12-20,0.74550,0.74830,0.74390,0.74810
2016-12-19,0.74950,0.75070,0.74450,0.74570
2016-12-16,0.74940,0.75070,0.74620,0.74950
2016-12-15,0.75240,0.75310,0.74490,0.74970
2016-12-14,0.76080,0.76410,0.75180,0.75280
2016-12-13,0.76130,0.76300,0.76060,0.76110
2016-12-12,0.76060,0.76270,0.75980,0.76140
2016-12-09,0.75710,0.76000,0.75640,0.75910
2016-12-08,0.75550,0.75820,0.75430,0.75750
2016-12-07,0.75260,0.75600,0.75180,0.75580
2016-12-06,0.75310,0.75440,0.75080,0.75300
2016-12-05,0.74930,0.75530,0.74820,0.75310
2016-12-02,0.75060,0.75390,0.75030,0.75260
2016-12-01,0.74460,0.75160,0.74370,0.75090
2016-11-30,0.74390,0.74840,0.74250,0.74420
2016-11-29,0.74550,0.74600,0.74130,0.74390
2016-11-28,0.73920,0.74620,0.73820,0.74550
2016-11-25,0.74080,0.74310,0.73770,0.73960
2016-11-24,0.74040,0.74180,0.73830,0.74110
2016-11-23,0.74360,0.74470,0.73940,0.74070
2016-11-22,0.74460,0.74730,0.74210,0.74400
2016-11-21,0.73990,0.74680,0.73950,0.74490
2016-11-18,0.73890,0.74090,0.73670,0.74070
2016-11-17,0.74380,0.74610,0.73870,0.73920
2016-11-16,0.74270,0.74580,0.74000,0.74400
2016-11-15,0.73770,0.74360,0.73740,0.74300
2016-11-14,0.73940,0.73970,0.73540,0.73800
2016-11-11,0.74190,0.74300,0.73770,0.73880
2016-11-10,0.74510,0.74680,0.73980,0.74220
2016-11-09,0.75190,0.75370,0.73890,0.74540
2016-11-08,0.74740,0.75250,0.74630,0.75220
2016-11-07,0.74760,0.74930,0.74490,0.74770
2016-11-04,0.74600,0.74690,0.74250,0.74630
2016-11-03,0.74620,0.74820,0.74550,0.74600
2016-11-02,0.74650,0.74830,0.74470,0.74660
2016-11-01,0.74500,0.74870,0.74430,0.74680
2016-10-31,0.74500,0.74750,0.74450,0.74540
2016-10-28,0.74610,0.74860,0.74420,0.74750
2016-10-27,0.74690,0.74870,0.74550,0.74640
2016-10-26,0.74840,0.75080,0.74660,0.74690
2016-10-25,0.74870,0.75130,0.74740,0.74880
2016-10-24,0.74890,0.75300,0.74590,0.74910
2016-10-21,0.75560,0.75590,0.74820,0.75010
2016-10-20,0.76160,0.76200,0.75520,0.75580
2016-10-19,0.76230,0.76870,0.76060,0.76160
2016-10-18,0.76140,0.76580,0.76060,0.76260
2016-10-17,0.76020,0.76200,0.75810,0.76170
2016-10-14,0.75710,0.76280,0.75600,0.76070
2016-10-13,0.75290,0.75810,0.75100,0.75750
2016-10-12,0.75510,0.75690,0.75210,0.75320
2016-10-11,0.75880,0.75930,0.75300,0.75540
2016-10-10,0.75430,0.76090,0.75270,0.75910
2016-10-07,0.75580,0.75800,0.75040,0.75240
2016-10-06,0.75780,0.75870,0.75440,0.75580
2016-10-05,0.75770,0.75970,0.75530,0.75820
2016-10-04,0.76200,0.76240,0.75620,0.75800
2016-10-03,0.76130,0.76510,0.76040,0.76240
2016-09-30,0.76020,0.76390,0.75750,0.76180
2016-09-29,0.76470,0.76620,0.75810,0.76050
2016-09-28,0.75710,0.76530,0.75320,0.76510
2016-09-27,0.75570,0.75940,0.75270,0.75740
2016-09-26,0.75900,0.76100,0.75460,0.75600
2016-09-23,0.76610,0.76720,0.75760,0.75990
2016-09-22,0.76380,0.76900,0.76360,0.76650
2016-09-21,0.75790,0.76470,0.75590,0.76410
2016-09-20,0.75710,0.75840,0.75460,0.75820
2016-09-19,0.75640,0.76110,0.75640,0.75740
2016-09-16,0.76000,0.76070,0.75440,0.75710
2016-09-15,0.75710,0.76140,0.75510,0.76030
2016-09-14,0.75930,0.76150,0.75660,0.75740
2016-09-13,0.76630,0.76720,0.75770,0.75960
2016-09-12,0.76550,0.76700,0.76150,0.76670
2016-09-09,0.77310,0.77440,0.76460,0.76720
2016-09-08,0.77600,0.77800,0.77230,0.77310
2016-09-07,0.77740,0.77970,0.77410,0.77630
2016-09-06,0.77290,0.77940,0.77270,0.77770
2016-09-05,0.76920,0.77460,0.76900,0.77280
2016-09-02,0.76290,0.77010,0.76200,0.77010
2016-09-01,0.76250,0.76420,0.76010,0.76320
2016-08-31,0.76340,0.76430,0.76020,0.76280
2016-08-30,0.76780,0.76850,0.76270,0.76340
2016-08-29,0.76800,0.76920,0.76600,0.76810
2016-08-26,0.77370,0.77900,0.76720,0.76960
2016-08-25,0.77300,0.77500,0.77230,0.77400
2016-08-24,0.77340,0.77490,0.77130,0.77330
2016-08-23,0.77220,0.77740,0.77200,0.77370
2016-08-22,0.77590,0.77660,0.77080,0.77250
2016-08-19,0.78210,0.78260,0.77540,0.77740
2016-08-18,0.77790,0.78320,0.77750,0.78250
2016-08-17,0.77710,0.77910,0.77380,0.77830
2016-08-16,0.77340,0.78110,0.77270,0.77750
2016-08-15,0.77120,0.77490,0.77020,0.77360
2016-08-12,0.77030,0.77350,0.76920,0.77120
2016-08-11,0.76580,0.77150,0.76400,0.77020
2016-08-10,0.76180,0.76940,0.76170,0.76600
2016-08-09,0.75920,0.76260,0.75770,0.76200
2016-08-08,0.75790,0.76100,0.75780,0.75920
2016-08-05,0.76720,0.76850,0.75720,0.75860
2016-08-04,0.76470,0.76890,0.76310,0.76760
2016-08-03,0.76250,0.76530,0.76020,0.76470
2016-08-02,0.76140,0.76860,0.76050,0.76280
2016-08-01,0.76580,0.76740,0.76110,0.76180
2016-07-29,0.75970,0.76890,0.75790,0.76740
2016-07-28,0.75860,0.76290,0.75760,0.76000
2016-07-27,0.75860,0.75980,0.75420,0.75860
2016-07-26,0.75610,0.75890,0.75470,0.75890
2016-07-25,0.76090,0.76180,0.75490,0.75650
2016-07-22,0.76400,0.76560,0.75790,0.76180
2016-07-21,0.76440,0.76760,0.76280,0.76420
2016-07-20,0.76740,0.76820,0.76310,0.76470
2016-07-19,0.77160,0.77220,0.76570,0.76740
2016-07-18,0.77220,0.77330,0.76750,0.77160
2016-07-15,0.77480,0.77730,0.76730,0.77110
2016-07-14,0.76980,0.77730,0.76970,0.77520
2016-07-13,0.76610,0.77260,0.76390,0.77020
2016-07-12,0.76210,0.77010,0.76090,0.76640
2016-07-11,0.76640,0.76720,0.76070,0.76240
2016-07-08,0.76820,0.76960,0.76350,0.76720
2016-07-07,0.77100,0.77630,0.76760,0.76850
2016-07-06,0.76880,0.77210,0.76550,0.77140
2016-07-05,0.77750,0.77820,0.76780,0.76910
2016-07-04,0.77400,0.77910,0.77370,0.77780
2016-07-01,0.77150,0.77710,0.77020,0.77520
2016-06-30,0.77190,0.77400,0.76810,0.77180
2016-06-29,0.76730,0.77310,0.76610,0.77230
2016-06-28,0.76420,0.77100,0.76240,0.76770
2016-06-27,0.76660,0.76930,0.76170,0.76450
2016-06-24,0.78180,0.78240,0.76320,0.76950
2016-06-23,0.78020,0.78830,0.77960,0.78240
2016-06-22,0.78050,0.78460,0.77770,0.78050
2016-06-21,0.78050,0.78330,0.77910,0.78080
2016-06-20,0.77800,0.78270,0.77720,0.78080
2016-06-17,0.77140,0.77930,0.77140,0.77580
2016-06-16,0.77430,0.77530,0.76370,0.77180
2016-06-15,0.77670,0.77950,0.77220,0.77460
2016-06-14,0.77930,0.78010,0.77620,0.77670
2016-06-13,0.78220,0.78390,0.77840,0.77960
2016-06-10,0.78540,0.78940,0.78070,0.78280
2016-06-09,0.78730,0.78900,0.78300,0.78570
2016-06-08,0.78360,0.79000,0.78310,0.78770
2016-06-07,0.77950,0.78510,0.77840,0.78360
2016-06-06,0.77200,0.78080,0.76980,0.77980
2016-06-03,0.76270,0.77400,0.76260,0.77320
2016-06-02,0.76420,0.76570,0.76030,0.76300
2016-06-01,0.76400,0.76640,0.76180,0.76470
2016-05-31,0.76570,0.76800,0.76090,0.76390
2016-05-30,0.76570,0.76700,0.76320,0.76600
2016-05-27,0.77000,0.77090,0.76480,0.76790
2016-05-26,0.76690,0.77430,0.76660,0.77030
2016-05-25,0.76150,0.76820,0.76090,0.76720
2016-05-24,0.76050,0.76390,0.75780,0.76180
2016-05-23,0.76180,0.76320,0.75860,0.76080
2016-05-20,0.76360,0.76450,0.75930,0.76300
2016-05-19,0.76780,0.76840,0.75980,0.76390
2016-05-18,0.77410,0.77530,0.76660,0.76810
2016-05-17,0.77490,0.77860,0.77140,0.77440
2016-05-16,0.77140,0.77640,0.77100,0.77490
2016-05-13,0.77820,0.77890,0.77100,0.77310
2016-05-12,0.77720,0.78280,0.77600,0.77820
2016-05-11,0.77390,0.77920,0.77220,0.77750
2016-05-10,0.77130,0.77450,0.77000,0.77390
2016-05-09,0.77320,0.77460,0.76790,0.77160
2016-05-06,0.77720,0.77890,0.77210,0.77480
2016-05-05,0.77690,0.78170,0.77620,0.77760
2016-05-04,0.78630,0.78740,0.77560,0.77730
2016-05-03,0.79780,0.80230,0.78500,0.78640
2016-05-02,0.79610,0.79900,0.79560,0.79780
2016-04-29,0.79600,0.79980,0.79400,0.79680
2016-04-28,0.79390,0.79880,0.79280,0.79640
2016-04-27,0.79280,0.79500,0.78760,0.79420
2016-04-26,0.78830,0.79370,0.78780,0.79320
2016-04-25,0.78930,0.78980,0.78580,0.78830
2016-04-22,0.78530,0.79200,0.78330,0.78960
2016-04-21,0.78970,0.79170,0.78390,0.78570
2016-04-20,0.78730,0.79370,0.78510,0.79010
2016-04-19,0.78120,0.79140,0.78110,0.78770
2016-04-18,0.77170,0.78210,0.76940,0.78150
2016-04-15,0.77780,0.78120,0.77480,0.77770
2016-04-14,0.78020,0.78190,0.77490,0.77890
2016-04-13,0.78230,0.78410,0.77970,0.78200
2016-04-12,0.77430,0.78400,0.77350,0.78260
2016-04-11,0.76970,0.77590,0.76780,0.77470
2016-04-08,0.76010,0.77190,0.76010,0.77040
2016-04-07,0.76340,0.76790,0.75840,0.76040
2016-04-06,0.76040,0.76520,0.75790,0.76370
2016-04-05,0.76440,0.76500,0.75600,0.76080
2016-04-04,0.76650,0.76880,0.76360,0.76460
2016-04-01,0.76960,0.77090,0.76030,0.76900
2016-03-31,0.77050,0.77750,0.76820,0.77000
2016-03-30,0.76470,0.77420,0.76390,0.77080
2016-03-29,0.75810,0.76600,0.75620,0.76500
2016-03-28,0.75290,0.75920,0.75220,0.75840
2016-03-25,0.75470,0.75590,0.75190,0.75380
2016-03-24,0.75630,0.75720,0.75160,0.75480
2016-03-23,0.76580,0.76680,0.75600,0.75660
2016-03-22,0.76330,0.76730,0.76070,0.76570
2016-03-21,0.76680,0.76770,0.76270,0.76340
2016-03-18,0.76960,0.77350,0.76630,0.76850
2016-03-17,0.76120,0.77200,0.76120,0.76980
2016-03-16,0.74860,0.76350,0.74550,0.76150
2016-03-15,0.75320,0.75380,0.74580,0.74890
2016-03-14,0.75460,0.75670,0.75110,0.75350
2016-03-11,0.74920,0.75910,0.74880,0.75720
2016-03-10,0.75440,0.75530,0.74610,0.74960
2016-03-09,0.74460,0.75570,0.74320,0.75440
2016-03-08,0.75190,0.75240,0.74440,0.74490
2016-03-07,0.75000,0.75380,0.74700,0.75220
2016-03-04,0.74490,0.75140,0.74180,0.75140
2016-03-03,0.74430,0.74760,0.74180,0.74520
2016-03-02,0.74460,0.74540,0.74030,0.74450
2016-03-01,0.73840,0.74670,0.73750,0.74490
2016-02-29,0.73860,0.74150,0.73550,0.73870
2016-02-26,0.73800,0.74030,0.73680,0.74030
2016-02-25,0.72930,0.73960,0.72760,0.73830
2016-02-24,0.72490,0.73090,0.72110,0.72960
2016-02-23,0.72880,0.73000,0.72310,0.72510
2016-02-22,0.72490,0.73180,0.72460,0.72920
2016-02-19,0.72780,0.72830,0.72170,0.72660
2016-02-18,0.73000,0.73220,0.72670,0.72820
2016-02-17,0.72050,0.73160,0.71910,0.73040
2016-02-16,0.72240,0.72900,0.71840,0.72060
2016-02-15,0.72110,0.72450,0.72100,0.72270
2016-02-12,0.71810,0.72370,0.71560,0.72140
2016-02-11,0.71750,0.72010,0.71300,0.71840
2016-02-10,0.72020,0.72340,0.71410,0.71770
2016-02-09,0.71730,0.72490,0.71590,0.72050
2016-02-08,0.71920,0.72230,0.71500,0.71760
2016-02-05,0.72650,0.72920,0.71800,0.71910
2016-02-04,0.72460,0.73300,0.72420,0.72680
2016-02-03,0.71140,0.72670,0.70870,0.72490
2016-02-02,0.71630,0.71710,0.70970,0.71170
2016-02-01,0.71440,0.71880,0.71070,0.71660
2016-01-29,0.71190,0.71600,0.70830,0.71600
2016-01-28,0.70910,0.71660,0.70750,0.71230
2016-01-27,0.70770,0.71270,0.70600,0.70940
2016-01-26,0.69920,0.71180,0.69760,0.70800
2016-01-25,0.70660,0.70770,0.69900,0.69950
2016-01-22,0.70040,0.70830,0.69890,0.70810
2016-01-21,0.68870,0.70260,0.68740,0.70070
2016-01-20,0.68580,0.69070,0.68020,0.68870
2016-01-19,0.68680,0.69270,0.68490,0.68610
2016-01-18,0.68600,0.69010,0.68520,0.68720
2016-01-15,0.69620,0.69700,0.68660,0.68780
2016-01-14,0.69670,0.69730,0.69410,0.69650
2016-01-13,0.70010,0.70470,0.69490,0.69700
2016-01-12,0.70280,0.70520,0.69850,0.70050
2016-01-11,0.70440,0.71070,0.70160,0.70330
2016-01-08,0.70760,0.71090,0.70360,0.70540
2016-01-07,0.70980,0.71150,0.70530,0.70800
2016-01-06,0.71470,0.71540,0.70840,0.71010
2016-01-05,0.71750,0.71930,0.71290,0.71500
2016-01-04,0.72050,0.72220,0.71470,0.71780
2016-01-01,0.72230,0.72260,0.72140,0.72260
2015-12-31,0.71990,0.72330,0.71880,0.72230
2015-12-30,0.72190,0.72290,0.71760,0.71990
2015-12-29,0.71890,0.72360,0.71690,0.72230
2015-12-28,0.72210,0.72300,0.71810,0.71920
2015-12-25,0.72270,0.72410,0.72200,0.72290
2015-12-24,0.72120,0.72350,0.72030,0.72240
2015-12-23,0.71780,0.72250,0.71720,0.72150
2015-12-22,0.71570,0.71860,0.71560,0.71810
2015-12-21,0.71670,0.71860,0.71410,0.71600
2015-12-18,0.71710,0.72150,0.71400,0.71630
2015-12-17,0.72510,0.72560,0.71470,0.71740
2015-12-16,0.72750,0.72830,0.72180,0.72550
2015-12-15,0.72810,0.73110,0.72600,0.72750
2015-12-14,0.72760,0.73080,0.72510,0.72860
2015-12-11,0.73290,0.73340,0.72640,0.72680
2015-12-10,0.73660,0.73880,0.73270,0.73320
2015-12-09,0.73580,0.73950,0.73380,0.73690
2015-12-08,0.73960,0.74030,0.73380,0.73610
2015-12-07,0.74730,0.74770,0.73890,0.74000
2015-12-04,0.74850,0.75070,0.74510,0.74810
2015-12-03,0.74840,0.75200,0.74570,0.74890
2015-12-02,0.74800,0.75070,0.74540,0.74880
2015-12-01,0.74890,0.75110,0.74660,0.74840
2015-11-30,0.74750,0.75090,0.74650,0.74920
2015-11-27,0.75180,0.75220,0.74710,0.74780
2015-11-26,0.75180,0.75260,0.75000,0.75180
2015-11-25,0.75120,0.75280,0.74930,0.75220
2015-11-24,0.74790,0.75250,0.74720,0.75150
2015-11-23,0.74910,0.74960,0.74380,0.74820
2015-11-20,0.75170,0.75330,0.74820,0.74910
2015-11-19,0.75070,0.75470,0.75070,0.75200
2015-11-18,0.75040,0.75170,0.74770,0.75100
2015-11-17,0.74960,0.75180,0.74890,0.75080
2015-11-16,0.75060,0.75220,0.74740,0.74950
2015-11-13,0.75180,0.75350,0.74860,0.75020
2015-11-12,0.75380,0.75590,0.74920,0.75220
2015-11-11,0.75260,0.75550,0.75240,0.75410
2015-11-10,0.75250,0.75480,0.75170,0.75300
2015-11-09,0.75120,0.75480,0.75080,0.75290
2015-11-06,0.75910,0.75980,0.75040,0.75150
2015-11-05,0.75990,0.76070,0.75780,0.75910
2015-11-04,0.76490,0.76640,0.75760,0.76010
2015-11-03,0.76280,0.76680,0.75930,0.76520
2015-11-02,0.76480,0.76520,0.76200,0.76320
2015-10-30,0.75920,0.76570,0.75770,0.76440
2015-10-29,0.75750,0.76130,0.75500,0.75950
2015-10-28,0.75310,0.76370,0.75250,0.75740
2015-10-27,0.75940,0.76000,0.75290,0.75340
2015-10-26,0.75880,0.76200,0.75800,0.75970
2015-10-23,0.76290,0.76660,0.75730,0.75940
2015-10-22,0.76100,0.76410,0.75940,0.76320
2015-10-21,0.76950,0.77090,0.76030,0.76120
2015-10-20,0.76770,0.77280,0.76590,0.76980
2015-10-19,0.77380,0.77490,0.76710,0.76770
2015-10-16,0.77660,0.77790,0.77240,0.77400
2015-10-15,0.77300,0.77910,0.77190,0.77690
2015-10-14,0.76730,0.77430,0.76730,0.77300
2015-10-13,0.76870,0.77140,0.76410,0.76770
2015-10-12,0.77170,0.77480,0.76810,0.76900
2015-10-09,0.76830,0.77490,0.76820,0.77240
2015-10-08,0.76530,0.77020,0.76440,0.76820
2015-10-07,0.76650,0.77040,0.76450,0.76530
2015-10-06,0.76350,0.76750,0.76090,0.76690
2015-10-05,0.75860,0.76520,0.75850,0.76380
2015-10-02,0.75450,0.76020,0.75410,0.76010
2015-10-01,0.74990,0.75630,0.74980,0.75490
2015-09-30,0.74460,0.75130,0.74400,0.75020
2015-09-29,0.74630,0.74760,0.74280,0.74460
2015-09-28,0.74980,0.75060,0.74580,0.74670
2015-09-25,0.74920,0.75180,0.74830,0.74980
2015-09-24,0.74980,0.75210,0.74490,0.74920
2015-09-23,0.75290,0.75550,0.74840,0.74980
2015-09-22,0.75430,0.75620,0.75160,0.75300
2015-09-21,0.75620,0.75870,0.75340,0.75470
2015-09-18,0.75920,0.76830,0.75490,0.75560
2015-09-17,0.75870,0.76460,0.75680,0.75930
2015-09-16,0.75440,0.75960,0.75420,0.75900
2015-09-15,0.75370,0.75580,0.75300,0.75440
2015-09-14,0.75420,0.75600,0.75250,0.75410
2015-09-11,0.75550,0.75650,0.75090,0.75390
2015-09-10,0.75300,0.75860,0.75200,0.75580
2015-09-09,0.75660,0.75990,0.75230,0.75300
2015-09-08,0.75130,0.75810,0.75090,0.75670
2015-09-07,0.75360,0.75480,0.75080,0.75170
2015-09-04,0.75780,0.75870,0.75180,0.75240
2015-09-03,0.75340,0.76090,0.75220,0.75810
2015-09-02,0.75440,0.75730,0.75030,0.75370
2015-09-01,0.76030,0.76200,0.75360,0.75480
2015-08-31,0.75500,0.76210,0.74990,0.76070
2015-08-28,0.75730,0.75930,0.75140,0.75730
2015-08-27,0.75160,0.75860,0.75110,0.75730
2015-08-26,0.74990,0.75440,0.74860,0.75200
2015-08-25,0.75210,0.76010,0.74840,0.75020
2015-08-24,0.75680,0.75940,0.75190,0.75240
2015-08-21,0.76380,0.76550,0.75710,0.75810
2015-08-20,0.76130,0.76550,0.75850,0.76420
2015-08-19,0.76530,0.76760,0.75840,0.76160
2015-08-18,0.76320,0.76650,0.76130,0.76570
2015-08-17,0.76330,0.76550,0.75980,0.76320
2015-08-14,0.76460,0.76810,0.76300,0.76400
2015-08-13,0.77030,0.77150,0.76350,0.76470
2015-08-12,0.76280,0.77190,0.75970,0.77050
2015-08-11,0.76790,0.76930,0.76000,0.76310
2015-08-10,0.76060,0.76940,0.75820,0.76830
2015-08-07,0.76220,0.76580,0.75800,0.76110
2015-08-06,0.75820,0.76300,0.75730,0.76250
2015-08-05,0.75750,0.76240,0.75630,0.75870
2015-08-04,0.75980,0.76280,0.75710,0.75790
2015-08-03,0.76350,0.76380,0.75870,0.76010
2015-07-31,0.76840,0.77230,0.76320,0.76390
2015-07-30,0.77200,0.77240,0.76610,0.76870
2015-07-29,0.77320,0.77690,0.77070,0.77230
2015-07-28,0.76660,0.77430,0.76630,0.77320
2015-07-27,0.76620,0.77030,0.76600,0.76690
2015-07-24,0.76710,0.76800,0.76300,0.76650
2015-07-23,0.76710,0.77180,0.76600,0.76740
2015-07-22,0.77200,0.77280,0.76570,0.76740
2015-07-21,0.76880,0.77400,0.76800,0.77230
2015-07-20,0.76990,0.77180,0.76740,0.76920
2015-07-17,0.77070,0.77220,0.76860,0.77080
2015-07-16,0.77380,0.77470,0.77060,0.77110
2015-07-15,0.78500,0.78580,0.77130,0.77420
2015-07-14,0.78430,0.78590,0.78050,0.78530
2015-07-13,0.78710,0.78840,0.78130,0.78470
2015-07-10,0.78640,0.79000,0.78360,0.78980
2015-07-09,0.78450,0.78930,0.78420,0.78680
2015-07-08,0.78590,0.78790,0.78280,0.78440
2015-07-07,0.79010,0.79060,0.78210,0.78620
2015-07-06,0.79330,0.79580,0.78920,0.79040
2015-07-03,0.79690,0.79720,0.79300,0.79540
2015-07-02,0.79370,0.79730,0.79110,0.79720
2015-07-01,0.80060,0.80140,0.79330,0.79370
2015-06-30,0.80570,0.80870,0.79950,0.80080
2015-06-29,0.80920,0.81240,0.80520,0.80600
2015-06-26,0.81040,0.81200,0.80620,0.81110
2015-06-25,0.80670,0.81190,0.80600,0.81070
2015-06-24,0.81070,0.81430,0.80460,0.80710
2015-06-23,0.81150,0.81210,0.80710,0.81070
2015-06-22,0.81460,0.81820,0.81060,0.81180
2015-06-19,0.81780,0.81840,0.81300,0.81490
2015-06-18,0.81690,0.82430,0.81590,0.81820
2015-06-17,0.81300,0.81810,0.81030,0.81720
2015-06-16,0.81160,0.81380,0.80950,0.81340
2015-06-15,0.81180,0.81300,0.80870,0.81190
2015-06-12,0.81260,0.81430,0.80940,0.81150
2015-06-11,0.81450,0.81510,0.80960,0.81290
2015-06-10,0.80980,0.81920,0.80900,0.81450
2015-06-09,0.80480,0.81230,0.80330,0.81020
2015-06-08,0.80290,0.80730,0.80120,0.80520
2015-06-05,0.79910,0.80440,0.79570,0.80410
2015-06-04,0.80230,0.80390,0.79900,0.79910
2015-06-03,0.80520,0.80720,0.79890,0.80260
2015-06-02,0.79790,0.80820,0.79720,0.80560
2015-06-01,0.80220,0.80310,0.79550,0.79820
2015-05-29,0.80440,0.80550,0.79790,0.80240
2015-05-28,0.80240,0.80480,0.79700,0.80470
2015-05-27,0.80440,0.80660,0.80000,0.80280
2015-05-26,0.81180,0.81250,0.80290,0.80480
2015-05-25,0.81340,0.81440,0.81140,0.81180
2015-05-22,0.81900,0.82130,0.81120,0.81430
2015-05-21,0.81890,0.82140,0.81640,0.81900
2015-05-20,0.81720,0.82140,0.81540,0.81900
2015-05-19,0.82230,0.82420,0.81590,0.81750
2015-05-18,0.83140,0.83230,0.82110,0.82260
2015-05-15,0.83400,0.83450,0.82820,0.83230
2015-05-14,0.83610,0.83880,0.83250,0.83430
2015-05-13,0.83220,0.83800,0.83080,0.83650
2015-05-12,0.82600,0.83460,0.82540,0.83260
2015-05-11,0.82640,0.82860,0.82300,0.82640
2015-05-08,0.82540,0.82960,0.82290,0.82800
2015-05-07,0.83010,0.83080,0.82170,0.82570
2015-05-06,0.82730,0.83700,0.82680,0.83040
2015-05-05,0.82630,0.83290,0.82380,0.82760
2015-05-04,0.82160,0.82710,0.82050,0.82670
2015-05-01,0.82730,0.82820,0.81920,0.82240
2015-04-30,0.83160,0.83320,0.82390,0.82770
2015-04-29,0.83070,0.83690,0.82780,0.83160
2015-04-28,0.82650,0.83210,0.82480,0.83100
2015-04-27,0.82040,0.82750,0.81950,0.82670
2015-04-24,0.82250,0.82590,0.81940,0.82090
2015-04-23,0.81610,0.82480,0.81460,0.82280
2015-04-22,0.81430,0.81870,0.81340,0.81650
2015-04-21,0.81710,0.81840,0.81210,0.81460
2015-04-20,0.81700,0.82070,0.81520,0.81750
2015-04-17,0.81900,0.82690,0.81450,0.81640
2015-04-16,0.81230,0.82330,0.81070,0.81940
2015-04-15,0.80030,0.81400,0.79500,0.81270
2015-04-14,0.79350,0.80330,0.79300,0.80060
2015-04-13,0.79530,0.79580,0.79030,0.79380
2015-04-10,0.79410,0.79590,0.78910,0.79550
2015-04-09,0.79680,0.79930,0.79250,0.79440
2015-04-08,0.79950,0.80670,0.79590,0.79680
2015-04-07,0.80110,0.80270,0.79820,0.79980
2015-04-06,0.80060,0.80380,0.79930,0.80150
2015-04-03,0.79550,0.80410,0.79470,0.80060
2015-04-02,0.79200,0.79620,0.78980,0.79550
2015-04-01,0.78820,0.79500,0.78630,0.79240
2015-03-31,0.78810,0.79020,0.78190,0.78860
2015-03-30,0.79290,0.79370,0.78660,0.78850
2015-03-27,0.80060,0.80190,0.79190,0.79260
2015-03-26,0.79770,0.80560,0.79740,0.80090
2015-03-25,0.79930,0.80140,0.79700,0.79810
2015-03-24,0.79900,0.80440,0.79660,0.79960
2015-03-23,0.79460,0.80010,0.79220,0.79930
2015-03-20,0.78640,0.79670,0.78550,0.79620
2015-03-19,0.79420,0.79930,0.78340,0.78680
2015-03-18,0.78140,0.80300,0.77880,0.79460
2015-03-17,0.78240,0.78410,0.78100,0.78170
2015-03-16,0.78100,0.78500,0.77970,0.78270
2015-03-13,0.78740,0.78830,0.77930,0.78170
2015-03-12,0.78470,0.79170,0.78270,0.78780
2015-03-11,0.78790,0.78940,0.78100,0.78510
2015-03-10,0.79200,0.79340,0.78740,0.78790
2015-03-09,0.79270,0.79510,0.79160,0.79230
2015-03-06,0.80050,0.80260,0.79100,0.79210
2015-03-05,0.80430,0.80580,0.79840,0.80090
2015-03-04,0.80020,0.80580,0.79710,0.80460
2015-03-03,0.79700,0.80410,0.79680,0.80050
2015-03-02,0.79900,0.80130,0.79530,0.79740
2015-02-27,0.79840,0.80300,0.79760,0.79810
2015-02-26,0.80350,0.80700,0.79730,0.79880
2015-02-25,0.79980,0.80600,0.79970,0.80390
2015-02-24,0.79510,0.80110,0.78930,0.80010
2015-02-23,0.79750,0.79780,0.79160,0.79500
2015-02-20,0.79970,0.80480,0.79550,0.79850
2015-02-19,0.80240,0.80390,0.79660,0.80010
2015-02-18,0.80650,0.80740,0.80170,0.80280
2015-02-17,0.80130,0.80870,0.80080,0.80690
2015-02-16,0.80240,0.80490,0.80030,0.80160
2015-02-13,0.79860,0.80470,0.79710,0.80300
2015-02-12,0.79220,0.80360,0.79030,0.79890
2015-02-11,0.79390,0.79520,0.78710,0.79250
2015-02-10,0.80130,0.80300,0.79180,0.79420
2015-02-09,0.79790,0.80430,0.79790,0.80160
2015-02-06,0.80380,0.80750,0.79660,0.79770
2015-02-05,0.79480,0.80670,0.79410,0.80430
2015-02-04,0.80390,0.80690,0.79370,0.79520
2015-02-03,0.79450,0.80910,0.79040,0.80430
2015-02-02,0.78780,0.79610,0.78250,0.79490
2015-01-30,0.79230,0.79290,0.78080,0.78530
2015-01-29,0.79750,0.79910,0.78830,0.79220
2015-01-28,0.80640,0.80660,0.79720,0.79780
2015-01-27,0.80120,0.80750,0.79970,0.80680
2015-01-26,0.80290,0.80590,0.80020,0.80110
2015-01-23,0.80630,0.80890,0.80240,0.80490
2015-01-22,0.81040,0.81180,0.80470,0.80660
2015-01-21,0.82540,0.82870,0.80630,0.81070
2015-01-20,0.83650,0.83670,0.82490,0.82580
2015-01-19,0.83440,0.83770,0.83390,0.83680
2015-01-16,0.83500,0.83620,0.82970,0.83410
2015-01-15,0.83580,0.84710,0.83320,0.83540
2015-01-14,0.83620,0.83810,0.83180,0.83610
2015-01-13,0.83470,0.83830,0.83330,0.83660
2015-01-12,0.84340,0.84470,0.83440,0.83500
2015-01-09,0.84420,0.84680,0.84070,0.84190
2015-01-08,0.84560,0.84750,0.84380,0.84450
2015-01-07,0.84390,0.84630,0.84180,0.84600
2015-01-06,0.84980,0.85220,0.84370,0.84430
2015-01-05,0.84600,0.85130,0.84600,0.85010
2015-01-02,0.86090,0.86110,0.84770,0.84800
2015-01-01,0.86020,0.86180,0.85940,0.86120
2014-12-31,0.86070,0.86440,0.85860,0.86050
2014-12-30,0.85900,0.86210,0.85780,0.86100
2014-12-26,0.86020,0.86160,0.85920,0.85950
2014-12-25,0.85970,0.86090,0.85910,0.86030
2014-12-24,0.85960,0.86260,0.85860,0.85970
2014-12-23,0.85880,0.86190,0.85660,0.86000
2014-12-22,0.86080,0.86350,0.85820,0.85920
2014-12-19,0.86270,0.86430,0.85940,0.86170
2014-12-18,0.85820,0.86420,0.85810,0.86310
2014-12-17,0.85950,0.86490,0.85640,0.85860
2014-12-16,0.85730,0.86120,0.85670,0.85990
2014-12-15,0.86370,0.86570,0.85620,0.85750
2014-12-12,0.86730,0.86810,0.86240,0.86290
2014-12-11,0.87060,0.87330,0.86530,0.86770
2014-12-10,0.87340,0.87420,0.86910,0.87100
2014-12-09,0.87070,0.87720,0.86900,0.87380
2014-12-08,0.87350,0.87490,0.87020,0.87100
2014-12-05,0.87750,0.87850,0.87090,0.87390
2014-12-04,0.87870,0.88160,0.87700,0.87800
2014-12-03,0.87610,0.88110,0.87550,0.87910
2014-12-02,0.88290,0.88330,0.87490,0.87640
2014-12-01,0.87430,0.88370,0.87220,0.88320
2014-11-28,0.88120,0.88200,0.87350,0.87550
2014-11-27,0.88830,0.88990,0.88020,0.88160
2014-11-26,0.88780,0.89040,0.88470,0.88870
2014-11-25,0.88560,0.89000,0.88320,0.88800
2014-11-24,0.88640,0.88740,0.88350,0.88590
2014-11-21,0.88360,0.89330,0.88240,0.88980
2014-11-20,0.88090,0.88530,0.87900,0.88410
2014-11-19,0.88410,0.88460,0.87980,0.88130
2014-11-18,0.88450,0.88790,0.88280,0.88460
2014-11-17,0.88500,0.88720,0.88240,0.88480
2014-11-14,0.87870,0.88750,0.87720,0.88550
2014-11-13,0.88270,0.88480,0.87730,0.87900
2014-11-12,0.88140,0.88620,0.87980,0.88310
2014-11-11,0.88130,0.88340,0.88050,0.88160
2014-11-10,0.88230,0.88470,0.87780,0.87900
2014-11-07,0.88050,0.88380,0.87940,0.88230
